t_s,x_m,y_m,z_m,vx_ms,vy_ms,vz_ms
0,8,0,20,4,0,0
0.05,8.19928298685782,0.00185434989140388,20.0072316844396,3.97144362613485,0.0741796399239148,0.289278184107539
0.1,8.39715721580595,0.00741880641273966,20.0289288539862,3.94365843737903,0.148409831831397,0.578618482352515
0.15,8.59366256689923,0.0166967354590045,20.0650944722347,3.91669742522449,0.222724177414267,0.868015131250371
0.2,8.78884159485006,0.0296931942899803,20.115731202219,3.89061460780864,0.297156745751683,1.15746186093475
0.25,8.98273958390909,0.0464149573588985,20.1808413794123,3.86546517287743,0.371742172357755,1.4469518270063
0.3,9.17540461005621,0.0668705472006553,20.2604269811747,3.84130562740341,0.446515762634617,1.73647753647322
0.35,9.36688761086058,0.0910702706181319,20.3544895923322,3.81819395490804,0.521513600472226,2.02603076682264
0.4,9.55724246342275,0.119026260443807,20.4630303665131,3.79618978162414,0.59677266280041,2.31560247713928
0.45,9.74652607087151,0.150752523195938,20.5860499828183,3.7753545527351,0.672330940972931,2.6051827100416
0.5,9.93479845795253,0.18626499299466,20.7235485973285,3.75575172004339,0.748227569948953,2.89476048303248
0.55,10.1221228763167,0.225581592154027,20.8755257888819,3.7374469425535,0.824502966335502,3.18432366765617
0.6,10.3085659201945,0.268722298921952,21.0419804984668,3.72050830160668,0.901198976467087,3.47385885460962
0.65,10.4941976532277,0.315709222901943,21.2229109614751,3.70500653237778,0.978359035827233,3.76335120266747
0.7,10.679091747327,0.366566688759371,21.4183146319455,3.69101527374117,1.05602834126336,4.05278426893695
0.75,10.8633256345278,0.421321328891648,21.6281880977943,3.67861133873625,1.13425403761348,4.34213981755053
0.8,11.046980672935,0.480002185827288,21.8525269858721,3.66787500811512,1.2130854205529,4.6313976034176
0.85,11.2301423279801,0.54264082521446,22.0913258555036,3.65889034974002,1.29257415768442,4.92053512707508
0.9,11.4129003703574,0.609271460366817,22.3445780789516,3.65174556691828,1.37277453013872,5.20952735598106
0.95,11.5953490921716,0.679931089454424,22.6122757069952,3.64653337912112,1.45374369722624,5.49834640675997
1,11.7775875430099,0.754659646562234,22.8944093175102,3.64335143893252,1.53554198699004,5.78696118190279
1.05,11.9597197878563,0.833500167989508,23.1909678445884,3.64230278951675,1.61823321585355,6.07533695321314
1.1,12.1418551889897,0.916498975332641,23.5019383853105,3.64349636737949,1.70188504093934,6.36343488282331
1.15,12.3241087142625,1.00370587708303,23.8273059807846,3.64704755572489,1.78656934905556,6.65121147082476
1.2,12.5066012744327,1.09517439068274,24.1670533674635,3.65307879427452,1.8723626868031,6.9386179163942
1.25,12.6894600925317,1.19096198721543,24.521160694034,3.66172025200299,1.95934673674399,7.22559937665743
1.3,12.8728191085868,1.29113036116958,24.8896051983044,3.67311056983832,2.04760884507752,7.5120941043077
1.35,13.0568194233866,1.3957457279963,25.2723608374744,3.6873976809415,2.13724260677707,7.7980324410424
1.4,13.241609785367,1.50487915249334,25.6693978639036,3.70473971666538,2.22834851461199,8.08333563902695
1.45,13.4273471251118,1.61860691137871,26.0806823369655,3.72530600661964,2.3210346788652,8.36791447662093
1.5,13.6141971423873,1.73701089376377,26.5061755597057,3.74927818131082,2.41541762477351,8.65166762723844
1.55,13.8023349510418,1.86017904358696,26.9458334267457,3.77685138540297,2.51162317464053,8.93447973113173
1.6,13.9919457874807,1.98820584840523,27.3996056670974,3.80823560847803,2.60978742101035,9.21621910867767
1.65,14.1832257887197,2.1211928792302,27.8674349621448,3.84365713786153,2.71005779595965,9.49673503992421
1.7,14.3763828461527,2.2592493862923,28.3492559148778,3.88336013401733,2.81259423904303,9.77585451814362
1.75,14.5716375410432,2.40249295564316,28.8449938413474,3.92760832232779,2.91757046208421,10.053378364291
1.8,14.7692241671948,2.55105023125351,29.3545633490418,3.97668678447547,3.02517530192127,10.3290765638846
1.85,14.9693918450333,2.70505770655978,29.8778666592157,4.03090381625856,3.13561414103298,10.6026826572565
1.9,15.172405729099,2.86466258800877,30.4147916208757,4.09059279379222,3.24911035872679,10.8738869779326
1.95,15.3785483071729,3.03002373067416,30.9652093528357,4.15611395277175,3.36590674940759,11.1423284921977
2,15.5881207832028,3.20131264193087,31.5289714367786,4.22785593024952,3.48626680530382,11.407584946979
2.05,15.8014445267738,3.37871454268864,32.1059065684395,4.30623683742782,3.61047570318447,11.6691609865931
2.1,16.0188625575348,3.56242946568381,32.6958165560124,4.3917045146554,3.73884075022164,11.9264738593863
2.15,16.2407410116078,3.75267335523388,33.29847153536,4.48473545214397,3.87169092291356,12.178836317954
2.2,16.4674371137894,3.94964380033295,33.9135361846346,4.58375418257259,4.00697684044063,12.4209979994486
2.25,16.6991284929062,4.15332295479804,34.5402168761271,4.68436147291141,4.13984583519382,12.6431177481926
2.3,16.9358666663043,4.36357523889339,35.1774757766986,4.78558523276909,4.26991654525497,12.8441534370622
2.35,17.177676764149,4.58026257503792,35.8242626346323,4.88719861622659,4.39726327633189,13.0242685252673
2.4,17.4245705023882,4.80324921349044,36.4795317405509,4.98889163446966,4.52190599551516,13.1834842981181
2.45,17.6765353487932,5.0323945669438,37.1422219686013,5.09000284218684,4.64363664828248,13.3211776442075
2.5,17.9335373341123,5.26755672125495,37.8112682449679,5.13142232725272,4.70854245182506,13.2852599853647
2.55,18.1926413068366,5.50594681336644,38.4781403352337,5.17702772488743,4.77522733737858,13.2436999291021
2.6,18.4540505279666,5.74765297440595,39.1425577772568,5.22743322417759,4.84449942510489,13.1986653570322
2.65,18.7179975083121,5.99280144784687,39.8043428902242,5.28243940329926,4.9163797704333,13.1500967260072
2.7,18.9847021974087,6.24151647419194,40.4633069641561,5.34188160753001,4.99089361667347,13.0979113525089
2.75,19.254381186104,6.4939292974024,41.1192728403425,5.40556043874251,5.06807337742675,13.0420300790989
2.8,19.5272413147522,6.7501727639157,41.772059336234,5.47329314153096,5.14795262040537,12.982359030813
2.85,19.803480470366,7.01038118913176,42.4214803370998,5.5449144445682,5.23055889746116,12.9187916394146
2.9,20.0832886428953,7.27468975199053,43.0673441979326,5.62028273849982,5.31590540928877,12.8512089555347
2.95,20.3668491905195,7.54323425243369,43.7094536324315,5.69927308337371,5.40400047805667,12.7794782817725
3,20.6543394163513,7.81615086323128,44.3476047922728,5.78177028731955,5.49485006547294,12.7034544554873
3.05,20.9459310546888,8.09357601287334,44.9815866571475,5.86766767204105,5.58845710852977,12.6229799665771
3.1,21.2417906985121,8.37564623808891,45.6111804380668,5.95686581818491,5.68482077754105,12.5378850828749
3.15,21.54208016324,8.66249800021782,46.236158989071,6.04927122172054,5.78393566841032,12.4479880249683
3.2,21.8469567821894,8.95426746213012,46.8562862294804,6.14479485482965,5.88579092910808,12.3530952125728
3.25,22.1565731327041,9.25108972945687,47.4713155364409,6.23977213888213,5.98693586878851,12.2459772851113
3.3,22.4709019199007,9.55293041226549,48.0806454087913,6.33328221666044,6.08652991629449,12.125167629291
3.35,22.7898702168829,9.85971325093216,48.683601550996,6.4253443521522,6.18462449507697,11.991080106734
3.4,23.11340632176,10.1713645988974,49.2795306652854,6.51598809434193,6.28127274234356,11.8441407268546
3.45,23.441440244863,10.4878135128629,49.8678010453039,6.60525218563211,6.37652968187478,11.6847870729574
3.5,23.7739041398966,10.8089918502986,50.4478031373147,6.69318341700029,6.4704523427174,11.5134675774632
3.55,24.1107326771986,11.1348343714044,51.0189500613246,6.77983546255936,6.56309981828252,11.3306406441276
3.6,24.4518633587875,11.4652788424747,51.5806780846166,6.865267720935,6.65453326353544,11.1367736241158
3.65,24.7972367760968,11.8002661375693,52.1324470407091,6.9495441847104,6.74481583057512,10.9323416598317
3.7,25.1467968122001,12.1397403354593,52.6737406875856,7.03273235282611,6.8340125448932,10.717826415445
3.75,25.5004907909191,12.4836488089714,53.2040670000787,7.11490219481112,6.92219012598686,10.493714716265
3.8,25.8582692136866,12.8319420269604,53.7229579451727,7.19611063296189,7.00940564690663,10.2604791476897
3.85,26.2200849706921,13.1845729709811,54.2299686216592,7.27639611377745,7.09570248192231,10.0185721007309
3.9,26.5858928719025,13.5414968038491,54.7246768088848,7.35579692731001,7.18112448135008,9.76844824084948
3.95,26.9556496305186,13.9026708880856,55.2066830519517,7.43435086507174,7.26571575738666,9.5105633715034
4,27.3293137419285,14.2680547314129,55.6756109062242,7.51208958933715,7.34951685053003,9.24538591293402
4.05,27.7068450753453,14.637609768301,56.1311076811505,7.58903819227508,7.43256571688858,8.97339266232818
4.1,28.0882042667112,15.0112988706347,56.5728460315066,7.66508898937052,7.51475934677163,8.69554086331063
4.15,28.4733201190263,15.3890513786359,57.0006426389495,7.73921830028847,7.59501226838194,8.41614227641085
4.2,28.8620945541069,15.7707686242621,57.4144430967154,7.81145423625949,7.67337596270582,8.13571319568376
4.25,29.2544360852326,16.1563600779674,57.8141985046914,7.88192196715881,7.75000509269279,7.8543562405459
4.3,29.65025916879,16.5457425668174,58.1998647554342,7.95073409427917,7.8250395393402,7.57216081112179
4.35,30.0494835934863,16.9388395737363,58.5714019195596,8.01799153525117,7.89860587615255,7.2892049281978
4.4,30.4520339284598,17.3355806039412,58.9287737189013,8.0837847895392,7.97081861923229,7.00555686929297
4.45,30.857839031311,17.7359006107651,59.2719470747217,8.14819507576389,8.0417813556168,6.72127654425278
4.5,31.2668316219203,18.1397394675167,59.6008917199319,8.21129611661582,8.11158734413439,6.4364167224199
4.55,31.678947957254,18.54704147817,59.9155798738259,8.27315563944846,8.1803209759149,6.15102426533401
4.6,32.0941275271108,18.957754989156,60.2159859701942,8.33383529679704,8.2480597467085,5.86514101550238
4.65,32.5123127658442,19.3718320624349,60.5020864230488,8.39339144116124,8.31487477312479,5.5788044379481
4.7,32.9334488321755,19.7892281491685,60.7738594229655,8.45187697688963,8.38083057491369,5.29204824823661
4.75,33.3574834488628,20.2099018008201,61.0312847676594,8.5093413899557,8.44598706400026,5.00490311256141
4.8,33.7843667198969,20.6338144779984,61.2743437209635,8.56583050199133,8.5104007481561,4.71739706238332
4.85,34.2140509555023,21.0609303878494,61.5030188885873,8.62138679178572,8.57412502853629,4.42955578694988
4.9,34.6464905124168,21.4912163356271,61.7172941075673,8.67604968761617,8.63721047159376,4.14140289026485
4.95,35.0816416481412,21.9246415892526,61.9171543477818,8.72985583440085,8.69970505696739,3.85296011741361
5,35.5194623879938,22.3611777556976,62.1025856241035,8.78283933923247,8.76165440280351,3.56424755439848
5.05,35.9599124039666,22.8007986680976,62.2735749179563,8.83503199847254,8.82310196983207,3.27528380501351
5.1,36.4029529045368,23.2434802825638,62.4301101072056,8.88646350928009,8.88408924542007,2.98608614777449
5.15,36.8485465347197,23.6892005837203,62.5721799034514,8.93716166819782,8.94465590876105,2.69667067549629
5.2,37.2966572857785,24.137939498054,62.6997737959134,8.98715255921116,9.00483997832845,2.4070524197587
5.25,37.7472504141214,24.5896788142164,62.8128820012032,9.03646073352179,9.06467794272663,2.11724546221316
5.3,38.200292369023,25.0444021094776,62.9114954183688,9.08510938312848,9.12420487612118,1.82726303444627
5.35,38.6557507289118,25.5020946815925,62.9956055886784,9.13312051018055,9.18345453952687,1.53711760792627
5.4,39.1135941460589,25.9627434854079,63.0652046596828,9.18051509395744,9.24245946938519,1.24682097541133
5.45,39.5737922995919,26.4263370736136,63.1202853531607,9.22731325723257,9.3012510550825,0.95638432509005
5.5,40.036315856848,26.8928655411332,63.1608409366153,9.27353443369902,9.3598596073534,0.66581830865485
5.55,40.5011364431582,27.3623204727549,63.1868651980468,9.31919753807402,9.41831441989,0.375133104476946
5.6,40.9682266202359,27.8346948937295,63.1983524237853,9.36432114046302,9.47664382694646,0.0843384770587255
5.65,41.4375598734247,28.3099832232171,63.1952973792297,9.40892364656204,9.53487526029582,-0.206556166012344
5.7,41.9091106081342,28.7881812306482,63.1776952923974,9.45302348532115,9.59303530957285,-0.497541718291604
5.75,42.3828541558824,29.2692859952851,63.1455418402645,9.49663930579943,9.65114979083045,-0.788609318428831
5.8,42.8587667904495,29.7532958695343,63.0988331379486,9.53979018513363,9.70924382905913,-1.07975029218923
5.85,43.3368257547537,30.2402104468736,63.0375657308783,9.58249584984747,9.76734196148472,-1.37095609062954
5.9,43.8170093006828,30.7300305358545,62.961736590459,9.62477707273492,9.8254682979829,-1.66221819344053
5.95,44.2992952503808,31.2227560366456,62.8713536886245,9.66650938634815,9.88344141489221,-1.95249945763451
6,44.7836397484823,31.7183559604082,62.7665859133283,9.70706738586603,9.94036752819265,-2.23720711118192
6.05,45.2699818428017,32.2167738821024,62.6477347024653,9.74641632294872,9.99615866325105,-2.51581038017544
6.1,45.7582614889199,32.7179525535255,62.5151096486377,9.78457166118353,10.0507932217867,-2.78812741288473
6.15,46.2484193336729,33.221833473596,62.3690301411612,9.82154646435226,10.1042438832738,-3.05395387124118
6.2,46.7403966794873,33.7283567063857,62.2098261655177,9.85735394148256,10.1564804970986,-3.31306682909192
6.25,47.2341355070678,34.237460774659,62.0378392361374,9.89200820604503,10.20747230591,-3.56523390489951
6.3,47.7295785374851,34.7490827032762,61.8534223020814,9.92552474333258,10.2571902174468,-3.81023017090755
6.35,48.2266692974866,35.2631581104587,61.6569393651265,9.95792027058995,10.3056071064514,-4.04783850886758
6.4,48.7253521773142,35.7796213130771,61.4487650796064,9.98338562085222,10.3466590931072,-4.27535462346489
6.45,49.2252815430416,36.2981044345234,61.2294088325619,9.93654792917748,10.3124648428231,-4.46296808376393
6.5,49.7228919160326,36.8148971354235,61.000848119659,9.89000340808961,10.2782752980969,-4.64164728135466
6.55,50.2181959666562,37.3299963902898,60.7635350842246,9.84401447331196,10.2443161905515,-4.81137868362369
6.6,50.7112198951632,37.8434107770176,60.5179220962007,9.79882988330021,10.2107986070474,-4.97217504965994
6.65,51.201995394895,38.3551525562718,60.2644637808415,9.75466926275923,10.1779245202753,-5.1240882148689
6.7,51.6905658828669,38.8652461369661,60.0036101486061,9.71170403389389,10.1458887729706,-5.26723321721734
6.75,52.1769901053514,39.3737320213701,59.7358021798517,9.67010504393408,10.1148615660455,-5.4017260148045
6.8,52.6613359296272,39.8806597992227,59.4614745495023,9.63002902821635,10.0849982652284,-5.52768947265045
6.85,53.1436790318725,40.3860868356034,59.1810555680227,9.59161765316327,10.0564405203649,-5.64525241737604
6.9,53.6241021457361,40.8900775874046,58.8949668843944,9.55499795312186,10.0293166039343,-5.754547990406
6.95,54.1026943326884,41.3927029363766,58.6036232716329,9.52028282426741,10.003741803647,-5.85571215753685
7,54.5795502770165,41.8940395415042,58.3074324870062,9.48757156042047,9.97981885605437,-5.9488823728699
7.05,55.0547696075654,42.3941692128147,58.0067951992117,9.45695041723506,9.95763840938268,-6.03419639338531
7.1,55.5284562476505,42.893178308122,57.7021049749549,9.42849319283464,9.93727950510167,-6.11179123908507
7.15,56.000717793968,43.3911571536812,57.393748317626,9.40226181456086,9.91881006902394,-6.18180229262307
7.2,56.4716649248145,43.8881994892631,57.082104751074,9.37830692302802,9.90228740398399,-6.24436253162681
7.25,56.9414108374829,44.3844019377548,56.7675469418231,9.35666844612236,9.88775867734773,-6.29960188645861
7.3,57.4100707143357,44.8798634990522,56.4504408534364,9.33737615693478,9.87526139774138,-6.34764671592433
7.35,57.8777612167556,45.3746850677241,56.1311459271129,9.32045021085921,9.86482387645396,-6.38861939337744
7.4,58.3446000059329,45.8689689736985,55.8100152829833,9.30590165822317,9.85646566995531,-6.42263799575155
7.45,58.8107052892704,46.3628185450404,55.4873959369453,9.29373292984128,9.85019800087805,-6.44981608825259
7.5,59.2761953910528,46.856337691755,55.1636290282473,9.28393829379945,9.8460241556379,-6.47026259772501
7.55,59.7411883459445,47.349630509457,54.8390500533812,9.2765042825927,9.84393985761335,-6.48408176804786
7.6,60.205801513836,47.8428009016916,54.5139891021806,9.27141009045775,9.84393361547569,-6.49137319129519
7.65,60.6701512145495,48.335952219671,54.1887710923371,9.26862794137192,9.84598704685836,-6.49223190879046
7.7,61.1343523809394,48.8291869181954,53.8637159988423,9.26812342873784,9.85007517808453,-6.48674857658009
7.75,61.5985182289724,49.3226062265683,53.5391390751421,9.26985582824785,9.85616672113871,-6.47500969023346
7.8,62.0627599434474,49.8163098333664,53.2153510630452,9.27377838582957,9.864224329477,-6.45709786423239
7.85,62.5271863781102,50.3103955840114,52.8926583886662,9.27983858292072,9.87420483462517,-6.43309216153484
7.9,62.9919037690292,50.8049591901807,52.57136334191,9.28797838161395,9.88605946581963,-6.40306846917555
7.95,63.4570154602247,51.3000939502104,52.2517642372078,9.29813445245506,9.89973405520486,-6.3670999159967
8,63.9226216406854,51.7958904797666,51.9341555534172,9.31023838787524,9.91516923131762,-6.32525732877855
8.05,64.3888190920504,52.2924364521986,51.6188280509831,9.32421690439262,9.93230060376248,-6.27760972316203
8.1,64.8557006650662,52.7898160497544,51.3060690456623,9.3399920028275,9.95105880042869,-6.22422510337866
8.15,65.3233552805129,53.2881099398335,50.9961623006387,9.35748156538421,9.97136919565795,-6.16517113447618
8.2,65.7918676600283,53.7873949446437,50.6893880841393,9.37659945939727,9.99315214516989,-6.10051577995806
8.25,66.2613177950948,54.2877434684097,50.3860233477944,9.39725504358218,10.0163236658601,-6.03032817238003
8.3,66.7317810996817,54.7892236764572,50.0863414079165,9.41935348956192,10.0407954311197,-5.95467941614695
8.35,67.2033283137544,55.2918993881568,49.790611781933,9.44238733185532,10.0660389836323,-5.87338874486225
8.4,67.6760051718159,55.795808394464,49.4991126012088,9.46454147199865,10.090131686911,-5.78549449882782
8.45,68.1497680169384,56.3008938213076,49.2121690626586,9.48582893351046,10.1131002278594,-5.69119688324503
8.5,68.6245738279639,56.8071001213581,48.9300962155487,9.5062621267249,10.1349709834786,-5.59070154928042
8.55,69.1003801893407,57.3143730576956,48.6531986966867,9.52585286931549,10.155769987928,-5.48421929355152
8.6,69.5771452620809,57.8226596859107,48.3817704807797,9.54461241043433,10.1755229027759,-5.37196575200041
8.65,70.0548277559996,58.3319083347943,48.1160946462285,9.56255145777137,10.1942549902312,-5.25416108869533
8.7,70.5333869033674,58.8420685857583,47.856443156596,9.57968020690883,10.2119910891612,-5.13102968012138
8.75,71.0127824340763,59.3530912511243,47.6030766579627,9.59600837241306,10.2287555937215,-5.00279979553616
8.8,71.4929745523928,59.8649283514045,47.3562442923497,9.61154522016931,10.2445724344342,-4.86970327397615
8.85,71.9739239153501,60.3775330916956,47.1161835273637,9.62629960052379,10.2594650615702,-4.73197519850555
8.9,72.4555916128091,60.8908598372964,46.8831200021855,9.64027998185125,10.2734564306994,-4.58985356830057
8.95,72.9379391492016,61.404864088654,46.6572673899962,9.65349448421621,10.2865689902895,-4.44357896916139
9,73.420928426953,61.9195024557394,46.4388272769054,9.66595091283998,10.2988246712408,-4.29339424303912
9.05,73.9045217315677,62.4347326319459,46.2279890574145,9.67765679112649,10.3102448782565,-4.13954415715909
9.1,74.3886817183513,62.9505133676003,46.0249298464229,9.68861939303527,10.3208504829556,-3.98227507331247
9.15,74.87337140073,63.4668044431707,45.8298144077533,9.69884577462213,10.330661818642,-3.82183461787795
9.2,75.3585541401242,63.9835666422533,45.6427950991461,9.7083428045963,10.3396986766493,-3.65847135312317
9.25,75.844193637322,64.5007617244137,45.4640118336461,9.71711719376741,10.3479803041872,-3.49243445032182
9.3,76.3302539252953,65.0183523979571,45.293592057276,9.72517552327786,10.3555254036172,-3.32397336520801
9.35,76.8166993633953,65.5363022926959,45.1316507428695,9.73252427153494,10.3623521330886,-3.15333751627363
9.4,77.3034946328609,66.0545759327825,44.9782903999071,9.7391698397742,10.3684781084685,-2.98077596639807
9.45,77.7906047335691,66.5731387096687,44.8336011001778,9.74511857619999,10.373920406501,-2.8065371082824
9.5,78.2779949819571,67.0919568552533,44.6976605190642,9.75037679866221,10.3786955691286,-2.63086835414217
9.55,78.7656310100401,67.6109974152729,44.5705339922278,9.75495081583951,10.3828196089145,-2.45401583009474
9.6,79.2534787654509,68.1302282229902,44.4522745874487,9.75884694690949,10.3863080154971,-2.27622407565807
9.65,79.7415045124249,68.6496178732295,44.3429231913535,9.76207153969506,10.3891757630152,-2.09773574875903
9.7,80.2296748336542,69.1691356968061,44.2425086107482,9.76463098728443,10.3914373184345,-1.91879133662962
9.75,80.7179566329347,69.6887517353937,44.1510476882513,9.76653174312923,10.3931066507105,-1.73962887295018
9.8,81.20631713853,70.2084367168688,44.0685454319056,9.76778033463186,10.3941972407205,-1.56048366157902
9.85,81.6947239071778,70.7281620311702,43.9949951584335,9.76838337523914,10.3947220918952,-1.3815880071883
9.9,82.1831448286633,71.2478997067051,43.9303786497803,9.7683475750649,10.3946937414828,-1.20317095310634
9.95,82.6715481308885,71.7676223873341,43.8746663225804,9.76767975006906,10.3941242723757,-1.02545802664747
10,83.1599023853641,72.2873033099595,43.8278174101636,9.76638682982584,10.3930253254324,-0.848670992190967
10.05,83.6481765130561,72.8069162827402,43.7897801567086,9.76447586391774,10.3914081122254,-0.673027612252018
10.1,84.1363397905178,73.326435663954,43.7604920231392,9.76195402699626,10.389283428148,-0.498741416768962
10.15,84.6243618562429,73.8458363415227,43.7398799043456,9.75882862255412,10.3866616658136,-0.326021480812723
10.2,85.1122127171762,74.3650937132125,43.7278603573059,9.7551070854573,10.3835528286826,-0.155072210906697
10.25,85.5998627553205,74.8841836675213,43.7243398396731,9.75079698328811,10.3799665448548,0.0139068598721886
10.3,86.0872827343821,75.403082565257,43.7292149583841,9.74590601655398,10.3759120809644,0.180721267857367
10.35,86.5744438063999,75.9217672218131,43.7423727278402,9.74044201781868,10.3713983561216,0.345181805684133
10.4,87.0613175183053,76.4402148901409,43.7636908372036,9.7344129498154,10.3664339558443,0.507104699987335
10.45,87.547875818363,76.9584032444169,43.793037926346,9.7278269026028,10.361027145927,0.666311779799367
10.5,88.0340910624478,77.4763103644012,43.830273869983,9.72069208982689,10.3551858861996,0.822630635557515
10.55,88.5199360201128,77.99391472048,43.8752500695224,9.71301684415277,10.3489178441287,0.975894768644275
10.6,89.0053838804103,78.5111951593835,43.9278097521518,9.70480961193115,10.3422304082204,1.12594373139825
10.65,89.4903988352624,79.0281122861765,43.9877882766867,9.69544786262943,10.3338791997929,1.27262327769172
10.7,89.9748881271572,79.5445113857223,44.0550134521452,9.68371789272993,10.3213503162169,1.41578574764997
10.75,90.4587299762345,80.0601719865989,44.1293058805851,9.66954882472317,10.3042995820794,1.55529055717031
10.8,90.9418021554304,80.5748616037412,44.2104793113402,9.65292852100185,10.2824626696312,1.69100414267163
10.85,91.4239816882407,81.088333213462,44.2983409846572,9.63383983152172,10.255520976683,1.8227996735149
10.9,91.9051446661325,81.6003222934637,44.3926919651842,9.61226278410227,10.2230917386112,1.95055695047201
10.95,92.3851661627277,82.1105434434063,44.4933274734249,9.58817786973538,10.1847229549771,2.0741624123541
11,92.863920465303,82.6186870088095,44.6000372189475,9.56157423042879,10.1398959910654,2.19350919345261
11.05,93.3412816419617,83.1244155813329,44.7126057367991,9.53245474016131,10.0880174430495,2.30849718898229
11.1,93.8171243577134,83.6273599615889,44.8308127270325,9.50084144461823,10.0284068532995,2.41903311286377
11.15,94.2913250055584,84.1271144547878,44.9544333969064,9.46678280703413,9.96028225548942,2.52503054691976
11.2,94.763763256982,84.6232313826956,45.0832388053352,9.43036335207152,9.88274322902362,2.62640998166857
11.25,95.2343241704627,85.1152146796495,45.2169962091722,9.39171649243796,9.79475116124721,2.72309884891711
11.3,95.7029010418164,85.6025124269943,45.3554694109223,9.35104157261832,9.69510649801659,2.81503154636373
11.35,96.1693992395269,86.0845081736446,45.4984191074883,9.30862647991836,9.58242296100164,2.90214945441352
11.4,96.6337413450513,86.5605108983309,45.6456032395685,9.26487755691105,9.45509911183222,2.98440094537206
11.45,97.0958740155296,87.029743505002,45.7967773413238,9.22035898368538,9.31128839419499,3.06174138510296
11.5,97.5557771055982,87.4913298296677,45.9516948899397,9.17584422105489,9.14887011863713,3.13413312708669
11.55,98.0134757222253,87.9442803122469,46.1101076546951,9.13238236367577,8.9654261330546,3.20154549857948
11.6,98.4690560261399,88.3874768104571,46.2717660451297,9.09138201504188,8.75823167545661,3.26395477822169
11.65,98.9226856963073,88.8196575952472,46.4364194578549,9.05471391681224,8.52427483940977,3.32134416399974
11.7,99.3746399562396,89.2394044969817,46.6038166214925,9.02482987052185,8.26032794805948,3.3737037300303
11.75,99.8253354414272,89.645160441751,46.7737019867423,9.00508651535275,7.9671285314807,3.42044116011965
11.8,100.275389195104,90.0360847044062,46.9457050185346,8.9995612133232,7.66961397053468,3.45825036083269
11.85,100.72554994268,90.4121088704208,47.1193961016647,9.00953624648781,7.37132222457171,3.48819840620953
11.9,101.176617482957,90.7732239542967,47.2944160820874,9.03598765207504,7.07345455740393,3.51161312850526
11.95,101.629436005276,91.1194828725706,47.470482342212,9.07968166877455,6.7773014941266,3.53051151299286
12,102.084886538255,91.4510049730935,47.647417688238,9.14142797237107,6.48420684703314,3.54639747397639
12.05,102.543894414313,91.767978245017,47.8250707419907,9.22210113790528,6.19560031808462,3.55920337200813
12.1,103.007422543574,92.0706660938503,48.0032851551763,9.32231564566585,5.91306379331589,3.56883770819308
12.15,103.476456724252,92.3594137412126,48.1819003425628,9.44236089889806,5.63827580110129,3.57522248751635
12.2,103.951987922843,92.6346510848623,48.3607521616184,9.58214872583102,5.37293021471719,3.57829338618164
12.25,104.434992819725,92.8968911822094,48.5396735877,9.74119576447409,5.11864375906119,3.57799930670775
12.3,104.926414314108,93.1467240398839,48.7184953515615,9.91863969154758,4.87686284654264,3.57430132377183
12.35,105.427143746765,93.3848060602391,48.8970465005996,10.1132922843313,4.64878625807236,3.56717059308952
12.4,105.93800653244,93.6118462843498,49.0751548329993,10.323719146897,4.43531471365013,3.55658548765929
12.45,106.459752087522,93.8285908435755,49.2526471818816,10.5483300868848,4.23703025243067,3.54252850593073
12.5,106.993048308556,94.0358071385503,49.4293495430054,10.7854687324879,4.05420531025156,3.52498314848394
12.55,107.538486683172,94.2342799168765,49.6050768231568,11.0339682316934,3.88768244433766,3.50312747536692
12.6,108.096631991661,94.424897921841,49.779537455676,11.2935907552703,3.74040235544664,3.47387813517403
12.65,108.667747820918,94.6087937408598,49.9523405091652,11.5462510159095,3.62175748088839,3.43742868669255
12.7,109.250671024771,94.7877042620488,50.1232145907402,11.7649851465825,3.54036080051774,3.39688522409376
12.75,109.843695215449,94.9633441104574,50.2919650583764,11.9506866089036,3.48985501147949,3.35250366630439
12.8,110.445232268423,95.1371047319588,50.4584028418636,12.1059616634576,3.46428396088433,3.30439423823013
12.85,111.053831635097,95.3101048631554,50.6223437828276,12.2336586858658,3.45868777517577,3.25264277319814
12.9,111.668171091814,95.4832373030505,50.7836077187499,12.3356969734483,3.46895017746753,3.19732972181975
12.95,112.286996434542,95.6572086495182,50.9420192932379,12.4134598451951,3.49176376349172,3.13856905552956
13,112.909149512493,95.832579347263,51.0974092376225,12.4691631238748,3.52453657382839,3.07648529204166
13.05,113.533579178551,96.0097930961676,51.2496145159025,12.5048452377639,3.56517233277914,3.01120325339
13.1,114.159330882499,96.1891991779168,51.3984783448784,12.5223310408028,3.61197661249716,2.94284825524889
13.15,114.785536051894,96.3710705857852,51.5438502221175,12.5232363396421,3.66358088727422,2.87154622669444
13.2,115.411402000483,96.5556187253506,51.6855859582822,12.5089843698975,3.71888104499118,2.7974237719939
13.25,116.036202773807,96.7430053562512,51.823547712265,12.4808236202284,3.7769879908089,2.72060822365887
13.3,116.659270782387,96.9333523194913,51.9576040286493,12.4398426459474,3.83718827270548,2.64122768290209
13.35,117.27998916677,97.1267495167363,52.0876298770289,12.3869844074421,3.8989132568096,2.55941105495613
13.4,117.897784856844,97.3232615295968,52.2135066931398,12.3230596570166,3.96171531820267,2.47528808715411
13.45,118.512122273555,97.5229331895579,52.3351224220453,12.2487592209162,4.02524169913103,2.3889894132404
13.5,119.122497550245,97.7257892164931,52.4523715637103,12.1646603154496,4.08898447562823,2.30064660745613
13.55,119.728432747008,97.9318277572967,52.5651552220548,12.0712241097017,4.15249632935662,2.21039226789828
13.6,120.329470404245,98.1410307777238,52.6733811582397,11.9688108972784,4.21552544572102,2.11836009721444
13.65,120.925168737869,98.3533687504109,52.7769638472055,11.8576883537922,4.27786280177075,2.02468494951926
13.7,121.515097142543,98.5688026404605,52.8758245358242,11.738036738305,4.33933624970644,1.92950284816417
13.75,122.098831930349,98.787285614898,52.9698913010585,11.6099531133705,4.39980481506553,1.83295095994256
13.8,122.675952254986,99.0087643974196,53.0590991040899,11.4734544931481,4.45915064346587,1.73516745830372
13.85,123.246036270587,99.2331803353548,53.1433898358149,11.3284866351625,4.51727656947491,1.63629132334702
13.9,123.808657801055,99.4604704336552,53.2227123519983,11.1749286344078,4.57410592272022,1.53646213481628
13.95,124.363391953822,99.690568183599,53.2970224978327,11.0133180444414,4.62956975681487,1.4358198512594
14,124.909891608074,99.9234037800523,53.3662831210789,10.8456325415287,4.68361985926905,1.33450458356705
14.05,125.447845834503,100.158906954421,53.4304640748479,10.6713817317584,4.73627685236371,1.23265639695663
14.1,125.976907923716,100.397008637927,53.4895422093978,10.4898165129874,4.78756400107847,1.13041506989688
14.15,126.496692069443,100.637640887727,53.5435013512188,10.3001229176917,4.83750303404979,1.02791982884839
14.2,127.006770043054,100.880736826982,53.592332268888,10.1014144857828,4.88611517475353,0.925309090943537
14.25,127.506666911945,101.126230659009,53.6360326268632,9.89270454741909,4.93342250371191,0.822720236685502
14.3,127.995855413348,101.374057712617,53.6746069280726,9.67288365708584,4.97944788931211,0.720289388815597
14.35,128.47374935692,101.624154470069,53.7080664458387,9.44070080233456,5.0242145231975,0.618151208166215
14.4,128.939696019632,101.87645857141,53.7364291461457,9.19474187238114,5.06774544329759,0.516438712216822
14.45,129.392967395262,102.130908794262,53.759719601468,8.93340539603861,5.11006302629813,0.415283119549339
14.5,129.832750748629,102.387444955771,53.7779690925175,8.65605035296813,5.15102548827077,0.315221287787963
14.55,130.258509277431,102.645957441557,53.7913413837371,8.37385862035948,5.18891912649637,0.220738535826839
14.6,130.670095153293,102.906282546739,53.8001501141998,8.08918002421295,5.223553578004,0.132682971660812
14.65,131.067389478819,103.168260841456,53.8047167748233,7.80223366552812,5.25507056552615,0.0510503146794725
14.7,131.450284452326,103.431740059641,53.8053612444994,7.51324334266342,5.28361514023851,-0.0242189685978987
14.75,131.81868347804,103.69657532074,53.8023991020314,7.22243276520516,5.30933781328786,-0.0932370750411948
14.8,132.17250104397,103.962629397114,53.7961390782197,6.93002074409588,5.3323939881615,-0.156164669656177
14.85,132.51166236023,104.229772925681,53.7868807953296,6.6362166828377,5.35294260886162,-0.213204289633982
14.9,132.83610279666,104.497884549205,53.7749128467661,6.34121706666521,5.37114472398089,-0.264593379095685
14.95,133.145767188386,104.76685102096,53.7605111233991,6.04520399772499,5.38716415856202,-0.310603356364871
15,133.440609074981,105.036567336383,53.7439372327962,5.74834283209562,5.40116567629885,-0.351530309656005
15.05,133.720589787884,105.306936645516,53.725437736667,5.45082512514611,5.41342604802158,-0.388026275471498
15.1,133.985690824446,105.577904663833,53.705139156512,5.15321111891938,5.42524752505464,-0.423889165563234
15.15,134.235910333963,105.849456531777,53.6830519395097,4.85556318592753,5.43677698908342,-0.459565042342434
15.2,134.471246494187,106.121577187585,53.6591864278275,4.55787634438352,5.44799590590858,-0.49501453546407
15.25,134.691697248168,106.394250645114,53.6335548422801,4.26014633288931,5.45888622001523,-0.530202961695592
15.3,134.897260354119,106.667460057091,53.6061709429166,3.96236995437537,5.46943141040093,-0.565102950997178
15.35,135.087933432262,106.941187781734,53.5770497097563,3.664544901188,5.47961629201124,-0.599693208622488
15.4,135.26371400181,107.215415431832,53.5462070941189,3.36666930821774,5.48942586415375,-0.633955162118815
15.45,135.424599491314,107.490123851042,53.5136599736975,3.0687414155488,5.49884437034719,-0.667870327315602
15.5,135.570587244208,107.765293077591,53.4794261480518,2.77075958056961,5.50785536506777,-0.701420314610727
15.55,135.701674525001,108.040902312576,53.4435243337641,2.47272229121525,5.51644183419551,-0.734586833182947
15.6,135.81785852616,108.316929896001,53.4059741594537,2.17462818023908,5.5245863873165,-0.767351692300143
15.65,135.91913637572,108.59335329467,53.3667961608206,1.87647604020794,5.53227154355872,-0.799696798577683
15.7,136.005505145656,108.87014910721,53.3260117759586,1.57826483862815,5.53948013543466,-0.831604147735295
15.75,136.076961860993,109.147293092777,53.2836433412528,1.27999373221964,5.54619585603298,-0.863055809082288
15.8,136.13350350958,109.424760231181,53.2397140882779,0.981662078872364,5.55240397197323,-0.894033900691235
15.85,136.175127052358,109.702524823104,53.194248142215,0.683269445297391,5.55809221525733,-0.924520553111854
15.9,136.201829433865,109.980560639335,53.1472705224105,0.384815607945796,5.56325184855486,-0.954497859705833
15.95,136.213607592551,110.258841126925,53.0988071457783,0.08630054461949,5.56787886801034,-0.983947812486677
16,136.210458470402,110.537339677393,53.0488848337675,-0.212275585378683,5.57197526489515,-1.01285222398138
16.05,136.192379021262,110.816029956892,52.9975313235266,-0.510912473435636,5.57555021631372,-1.04119263826109
16.1,136.159366217255,111.094886290491,52.9447752836567,-0.809609704800942,5.57862102643783,-1.0689502378204
16.15,136.111417052863,111.373884082983,52.8906463345118,-1.10836680843842,5.58121361130839,-1.09610575685762
16.2,136.048528546488,111.653000248383,52.8351750723951,-1.40718330637933,5.58336233348434,-1.12263941458352
16.25,135.970697739734,111.932213612104,52.778393096287,-1.70605875378036,5.58510906353032,-1.14853088290907
16.3,135.877921695104,112.211505246649,52.7203330350812,-2.00499276162508,5.5865014723735,-1.17375929978761
16.35,135.770197493094,112.49085870575,52.661028572912,-2.3039849974194,5.58759071765564,-1.19830333207
16.4,135.647522229806,112.770260133941,52.6005144702136,-2.60303516439198,5.58842883626733,-1.22214128136984
16.45,135.509893016034,113.049698246661,52.5388265787062,-2.90214296457213,5.58906624076894,-1.24525121852736
16.5,135.35730697844,113.329164195218,52.4760018491726,-3.20130805334087,5.58954965749115,-1.26761113750493
16.55,135.189761263073,113.608651342106,52.412078330931,-3.50052999217577,5.5899205897177,-1.2891991356679
16.6,135.007253041167,113.888154970525,52.3470951616819,-3.79980820557227,5.590214212677,-1.30999361328752
16.65,134.80977951687,114.167671950537,52.2810925478415,-4.09914194810549,5.590458778226,-1.3299734451346
16.7,134.597337936301,114.447200391282,52.2141117377818,-4.3985302839886,5.59067565406228,-1.34911809177609
16.75,134.369925597353,114.726739308886,52.1461949908352,-4.69797207695837,5.59087987288021,-1.36740766155404
16.8,134.127539859819,115.006288329558,52.0773855440161,-4.99746598720914,5.59108095383838,-1.3848229422721
16.85,133.870178155549,115.285847436655,52.0077275776882,-5.29701047278438,5.59128381723219,-1.4013454127453
16.9,133.597837999024,115.565416767859,51.9372661703366,-5.59660375192443,5.59149004510087,-1.41695804528564
16.95,133.310517988843,115.844996795201,51.866027807768,-5.89618365934508,5.59171799635694,-1.43282140100943
17,133.008221070735,116.124589364795,51.7939581436827,-6.19567784958876,5.59199387610437,-1.45022678858563
17.05,132.690951812649,116.40419725004,51.7209786742585,-6.49507552210088,5.59233412598486,-1.46921896227302
17.1,132.35871530438,116.683824362613,51.6470092789914,-6.79433979063549,5.59276819674202,-1.48982669841909
17.15,132.011968243967,116.963475304922,51.5720020242679,-7.06697027637082,5.59327480639859,-1.51007653662121
17.2,131.652810540443,117.243152308878,51.496040002743,-7.2920301661013,5.59381147490698,-1.5280235962882
17.25,131.28344155127,117.522857199596,51.4192375015715,-7.47646917780802,5.59439386770422,-1.54370008093133
17.3,130.905745034832,117.802592876202,51.3417074850905,-7.62599003197467,5.59504703163962,-1.55712713447796
17.35,130.521346850451,118.082363308402,51.2635620609725,-7.74522944210763,5.59578465701635,-1.56831809474807
17.4,130.131662426471,118.36217283321,51.1849127537766,-7.8380288784174,5.59661175306245,-1.57728464517415
17.45,129.737929880215,118.642026090045,51.105870431314,-7.90765649256615,5.59753517342688,-1.58404137761041
17.5,129.341236242616,118.921928085893,51.0265451592869,-7.95690205183874,5.59856262424768,-1.58860578008449
17.55,128.942539330432,119.201884218565,50.9470460573487,-7.98815638455451,5.59970192747045,-1.59099819848087
17.6,128.542685996032,119.48190026834,50.8674811575525,-8.00347716741356,5.60096048406292,-1.59124178041418
17.65,128.142427386045,119.761982366771,50.7879572659321,-8.00464312411835,5.60234489068612,-1.58936240686345
17.7,127.742431738366,120.042136949391,50.7085798277251,-7.99319860140554,5.60386067349793,-1.58538861533157
17.75,127.343295154346,120.322370697437,50.6294527965953,-7.97049024983667,5.60551211112347,-1.57935151707359
17.8,126.945550703416,120.602690472498,50.550678508105,-7.93769726648023,5.6073021254256,-1.57128471011653
17.85,126.549676150983,120.883103247048,50.4723575576158,-7.8958564011431,5.60923222379732,-1.56122418924422
17.9,126.156100546133,121.163616033113,50.3945886827491,-7.84588270451453,5.61130248057337,-1.5492082537538
17.95,125.765209861545,121.444235810789,50.317468650502,-7.7885868092703,5.61351154809316,-1.53527741354637
18,125.377351842472,121.724969457902,50.2410921490921,-7.72468938164964,5.61585669016674,-1.51947429395219
18.05,124.992840192952,122.005823681769,50.165551684586,-7.65483325684399,5.61833383237421,-1.50184353958418
18.1,124.611958204363,122.286804953823,50.0909374823548,-7.5795936718592,5.62093762490242,-1.48243171744296
18.15,124.234961912799,122.567919447605,50.0173373933895,-7.49948692980364,5.62366151459099,-1.46128721945123
18.2,123.862082856688,122.849172980543,49.9448368055005,-7.41497776590024,5.62649782359879,-1.43846016456606
18.25,123.49353049392,123.130570959783,49.8735185594195,-7.32648563467287,5.62943783266824,-1.41400230059873
18.3,123.129494327775,123.412118332268,49.8034628698149,-7.23439009708328,5.63247186739948,-1.38796690586036
18.35,122.770145782895,123.69381953917,49.7347472512277,-7.13903545378738,5.63558938628213,-1.3604086907444
18.4,122.415639865899,123.975678474762,49.6674464489267,-7.04073474446845,5.63877906949137,-1.33138369935231
18.45,122.066116639773,124.257698449715,49.6016323746799,-6.93977321206992,5.64202890765597,-1.30094921126665
18.5,121.721702536701,124.539882158831,49.5373740474309,-6.83641131365204,5.64532628996152,-1.26916364357341
18.55,121.382511530242,124.82223165315,49.4747375388663,-6.73088734571564,5.64865809107287,-1.23608645323444
18.6,121.048646184686,125.104748316364,49.4137859238532,-6.62341974052707,5.65201075645378,-1.20177803990959
18.65,120.720198596813,125.387432845447,49.3545792357229,-6.51420908073017,5.65537038573423,-1.16629964932691
18.7,120.397251243126,125.670285235406,49.2971744263695,-6.40343987194206,5.65872281383236,-1.12971327729793
18.75,120.079877743793,125.95330476802,49.2416253311307,-6.29128210677748,5.66205368958162,-1.09208157447355
18.8,119.768143553008,126.236490004443,49.1879826384092,-6.17789264857845,5.66534855164745,-1.05346775193441
18.85,119.462106584161,126.519838781537,49.1362938639927,-6.06341645883798,5.66859290154436,-1.01393548770745
18.9,119.161817777113,126.803348211774,49.0866033300223,-5.94798768873563,5.67177227358478,-0.973548834298562
18.95,118.867321613929,127.08701468656,49.0389521485581,-5.83173065221899,5.67487230160814,-0.932372127328795
19,118.578656588591,127.370833882806,48.9933782096822,-5.71476069556236,5.67787878235206,-0.890469895359226
19.05,118.29585563556,127.654800772591,48.9499161740803,-5.59718497622791,5.68077773534023,-0.847906770987098
19.1,118.018946521425,127.938909635717,48.9085974700341,-5.47910316207561,5.68355545917253,-0.804747403293253
19.15,117.747952203382,128.223154074998,48.8694502947568,-5.36060806046085,5.686198584114,-0.761056371718211
19.2,117.482891157835,128.507527034076,48.8324996199964,-5.24178618547649,5.6886941208912,-0.716898101441529
19.25,117.223777682032,128.792020817587,48.7977672018323,-5.1227182705027,5.69102950561635,-0.672336780336309
19.3,116.970622171306,129.076627113467,48.7652715945822,-5.00347973229153,5.69319264077374,-0.627436277567925
19.35,116.723431374216,129.361337017218,48.735028168737,-4.88414109200967,5.69517193221738,-0.582260063903214
19.4,116.482208627603,129.64614105791,48.7070491328365,-4.76476835797112,5.69695632214564,-0.536871133793493
19.45,116.246954073387,129.931029225746,48.6813435591946,-4.64542337419396,5.69853531803641,-0.491331929291914
19.5,116.017664858709,130.21599100096,48.6579174133823,-4.5261641383992,5.69989901754582,-0.44570426586272
19.55,115.794335320874,130.501015383869,48.6367735873714,-4.4070450926215,5.70103812939386,-0.400049260137073
19.6,115.57695715839,130.786090925861,48.6179119362405,-4.28811738921289,5.70194399028203,-0.354427259667135
19.65,115.365519589264,131.071205761137,48.6013293183428,-4.1694291346827,5.7026085779102,-0.308897774727176
19.7,115.160009497621,131.356347639012,48.5870196388315,-4.05102561352291,5.70302452018202,-0.263519412207467
19.75,114.960411569594,131.641503956568,48.574973896437,-3.93294949391231,5.70318510071076,-0.21834981164378
19.8,114.766708419337,131.926661791511,48.5651802333889,-3.81524101697025,5.70308426075879,-0.173445583422364
19.85,114.578880705965,132.211807935028,48.5576239883719,-3.69793817103765,5.7027165977645,-0.128862249197315
19.9,114.396907242124,132.496928924489,48.552287752406,-3.58107685229406,5.70207736062967,-0.0846541845543757
19.95,114.220765094843,132.78201107584,48.5491514275351,-3.46469101287442,5.70116244195744,-0.0408745639523447
20,114.050429679275,133.067040515535,48.5481922882123,-3.34881279752194,5.69996836744619,0.00242469202955913
20.05,113.885874845876,133.352003211871,48.5493850452642,-3.2334726697044,5.69849228265744,0.0451929671127383
20.1,113.727072961512,133.636885005596,48.5527019123171,-3.11869952802607,5.69673193738583,0.0873809973857275
20.15,113.573994984987,133.921671639689,48.558112674568,-3.00452081368571,5.69468566786672,0.12894091699583
20.2,113.426610537395,134.206348788194,48.5655847597798,-2.89096260966012,5.69235237706123,0.169826301448063
20.25,113.284887967718,134.490902084028,48.5750833113813,-2.7780497322315,5.68973151326065,0.209992208496044
20.3,113.148794414014,134.775317145685,48.586571263552,-2.66580581542396,5.68682304725069,0.249395216611836
20.35,113.018295860565,135.059579602759,48.6000094181687,-2.55425338886828,5.68362744827302,0.287993461024054
20.4,112.893357191271,135.34367512025,48.6153565234935,-2.44341394957397,5.68014565901504,0.325746667315824
20.45,112.773942239611,135.627589421592,48.6325693544809,-2.33330802805249,5.67637906985123,0.362616182576333
20.5,112.660013835419,135.911308310385,48.6516027945804,-2.22395524920444,5.67232949254915,0.398565004101908
20.55,112.551533848749,136.194817690796,48.6724099189133,-2.11537438835594,5.66799913364174,0.433557805644654
20.6,112.448463231047,136.47810358663,48.694942078701,-2.00758342280457,5.66339056765464,0.467560961208832
20.65,112.350762053845,136.761152159061,48.7191489868211,-1.90059957921279,5.65850671036347,0.500542566397224
20.7,112.258389545196,137.043949723031,48.7449788043702,-1.79443937716628,5.65335079224139,0.532472457311889
20.75,112.171304109356,137.326482762195,48.7723782280913,-1.68911955400995,5.64792631952,0.563322225071174
20.8,112.089463298212,137.608737940678,48.8012925782717,-1.58465717801837,5.64223699630563,0.593065221868169
20.85,112.012823827593,137.890702111963,48.8316658870418,-1.48106859387766,5.63628668870936,0.621676570930311
20.9,111.941341614893,138.172362326585,48.8634409871969,-1.37836940166109,5.63007941027386,0.649133177216096
20.95,111.874971815226,138.453705839158,48.8965596015023,-1.27657449915318,5.62361930847798,0.675413735766638
21,111.813668845129,138.73472011493,48.9309624323063,-1.1756987395044,5.61691066920908,0.700498732825816
21.05,111.757386375128,139.015392838188,48.9665892506963,-1.07575689383639,5.60995797029901,0.724370430862215
21.1,111.706077356146,139.295711921823,49.0033789852517,-0.976762971781254,5.602765875166,0.747012867092813
21.15,111.659694057076,139.575665515955,49.0412698108321,-0.878730252123471,5.59533920526731,0.768411855696158
21.2,111.618188100258,139.855242015186,49.0801992374318,-0.781671325074468,5.58768291410628,0.788554987636911
21.25,111.581510494923,140.134430064581,49.1201041989638,-0.685598130783269,5.57980206289175,0.807431628083471
21.3,111.549611668811,140.413218564484,49.1609211418564,-0.590521994406776,5.57170179778626,0.825032911443869
21.35,111.522441498106,140.691596674224,49.2025861133416,-0.496453658038515,5.56338732868105,0.841351734047478
21.4,111.499949335854,140.969553814802,49.2450348493196,-0.403403309772614,5.55486390943833,0.856382744502538
21.45,111.482084038989,141.247079670629,49.2882028616843,-0.311380610159904,5.54613681954216,0.870122331762151
21.5,111.468793994101,141.524164190371,49.3320255249947,-0.220394716295175,5.53721134710118,0.882568610934151
21.55,111.460027142049,141.800797586989,49.376438162382,-0.130454303758339,5.52809277314733,0.893721406873161
21.6,111.455731001532,142.076970337011,49.4213761305807,-0.041567586617462,5.51878635717608,0.903582235596127
21.65,111.455852691697,142.352673179126,49.4667749039784,0.046257664311949,5.50929732387451,0.912154283565715
21.7,111.460338953883,142.627897112128,49.5125701575759,0.133014292644405,5.49963215357196,0.919442384889072
21.75,111.469136271184,142.902633789638,49.558697848757,0.218700206946536,5.48980940360846,0.925452996441481
21.8,111.482191183519,143.176875539174,49.6050942977573,0.303318684356085,5.47983585627316,0.930194170683936
21.85,111.499450407868,143.45061494461,49.6516962667144,0.386873284108108,5.46971647011317,0.933675526168654
21.9,111.520860840288,143.72384484001,49.6984410371956,0.469367613131515,5.45945633122861,0.935908216389216
21.95,111.546369559092,143.996558322369,49.7452664861804,0.550805364788629,5.44906086617762,0.936904898992527
22,111.575923830295,144.268748763007,49.7921111604449,0.631190356805307,5.43853557837973,0.936679702232524
22.05,111.609471114276,144.540409808035,49.8389143491553,0.710526548354446,5.42788595367557,0.935248186959656
22.1,111.646959073202,144.811535377119,49.8856161545111,0.788818054063561,5.41711744601834,0.932627306932098
22.15,111.688335579129,145.08211966154,49.9321575603703,0.86606915690464,5.40623546387579,0.928835367783113
22.2,111.733548722716,145.352157121593,49.9784804987906,0.942284319960655,5.39524535729885,0.9238919847147
22.25,111.782546822553,145.621642484009,50.0245279144252,1.01746820073018,5.38415245236091,0.917818039047296
22.3,111.83527843576,145.890570743544,50.0702438267282,1.09162569233196,5.37296213981899,0.910635634047072
22.35,111.891692370796,146.158937163918,50.1155733899256,1.16476195708131,5.36167977157434,0.902368049662082
22.4,111.951737701113,146.42673727454,50.1604629506892,1.236882433033,5.35031062150257,0.893039695935219
22.45,112.015363779038,146.693966866343,50.204860103457,1.30799283762656,5.33885987498957,0.882676065481944
22.5,112.082520249809,146.960621987106,50.2487137433565,1.37809917040305,5.32733261886338,0.871303685141525
22.55,112.153157065738,147.226698936284,50.2919741166912,1.44720771479709,5.31573383169144,0.858950066879684
22.6,112.227224500424,147.492194259357,50.3345928689555,1.51532503900981,5.30406837441547,0.845643658020787
22.65,112.304673162994,147.757104741722,50.3765230903461,1.58245799596963,5.29234098129983,0.831413790887884
22.7,112.385454012326,148.021427402141,50.4177193587416,1.64861372238944,5.28055625117169,0.816290631928764
22.75,112.46951837119,148.285159485752,50.4581377801283,1.71379963692989,5.26871863893511,0.800305130406001
22.8,112.556817940281,148.548298456669,50.4977360264497,1.77802343747961,5.25683244734381,0.783488966728532
22.85,112.647304812099,148.810841990173,50.536473370867,1.84129309756451,5.24490181902082,0.765874500501744
22.9,112.740931484619,149.072787964513,50.5743107204151,1.90361686189933,5.23293072871606,0.747494718372348
22.95,112.837650874723,149.334134452318,50.6112106460482,1.96500324109558,5.22092297579619,0.728383181743444
23,112.937416331346,149.594879711651,50.6471374100691,2.02546100554117,5.20888217696386,0.708573974434217
23.05,113.040181648292,149.855022176697,50.6820569909418,2.084999178468,5.19681175920646,0.688101650357583
23.1,113.14590107669,150.114560448103,50.7159371054897,2.143627028225,5.18471495297747,0.667001181287898
23.15,113.254529337039,150.373493282988,50.7487472284864,2.20135405977488,5.17259478561587,0.6453079047895
23.2,113.36602163081,150.631819584629,50.7804586096476,2.2581900054345,5.16045407501229,0.623057472375471
23.25,113.480333651566,150.889538391833,50.8110442880388,2.31414481487951,5.1482954235325,0.600285797964475
23.3,113.597421595566,151.146648868015,50.8404791039148,2.3692286444356,5.13612121221157,0.577029006701968
23.35,113.717242171818,151.403150289995,50.8687397080098,2.42345184567968,5.12393359523428,0.553323384210418
23.4,113.839752611536,151.659042036521,50.8958045683029,2.47682495337636,5.11173449471925,0.529205326331488
23.45,113.964910676992,151.91432357654,50.921653974284,2.52935867277594,5.09952559582624,0.504711289421351
23.5,114.092674669706,152.168994457241,50.9462700387495,2.5810638663026,5.08730834220786,0.479877741258508
23.55,114.223003437959,152.423054291868,50.9696366971602,2.63195153966259,5.07508393182823,0.454741112621654
23.6,114.3558563836,152.676502747342,50.9917397045953,2.68203282740454,5.0628533131726,0.429337749593236
23.65,114.491193468117,152.929339531701,51.0125666303418,2.7313189779659,5.05061718187285,0.403703866642448
23.7,114.628975217946,153.181564381379,51.0321068501577,2.77982133824146,5.03837597777449,0.377875500539484
23.75,114.769162727784,153.433177048824,51.0503515362534,2.82755123921975,5.0261299193226,0.351888465046308
23.8,114.911717650617,153.684177294576,51.0672936450043,2.87451967871513,5.013879111601,0.325778305508859
23.85,115.056602187144,153.934564879049,51.0829279024157,2.92073762018183,5.00162342270953,0.299580254575732
23.9,115.203779087994,154.184339549022,51.0972507874292,2.96621609478567,4.98936243939116,0.273329190171351
23.95,115.353211656709,154.433501023603,51.1102605131617,3.01096618519503,4.97709546825932,0.247059594654694
24,115.50486375191,154.682048980263,51.1219570061284,3.05499900909474,4.96482153750116,0.220805515064232
24.05,115.658699788632,154.929983040964,51.132341883506,3.09832570246254,4.95253939908042,0.194600524485876
24.1,115.81468473881,155.177302758418,51.1414184284934,3.14095740265112,4.9402475314616,0.168477684578691
24.15,115.972784130929,155.42400760249,51.1491915638288,3.18290523132136,4.92794414287564,0.142469509291291
24.2,116.132964048805,155.670096946779,51.1556678235214,3.22418027727595,4.91562717514551,0.116607929799868
24.25,116.295191129516,155.915570055403,51.1608553228634,3.26479357924483,4.90329430808782,0.0909242606969469
24.3,116.459432560464,156.160426070026,51.1647637267812,3.3047561086771,4.89094296450423,0.0654491674580454
24.35,116.625656075586,156.404663997142,51.1674042165938,3.34407875259617,4.87857031577361,0.0402126352115297
24.4,116.793829950702,156.648282695655,51.168789455242,3.3827722965774,4.86617328805294,0.0152439388350622
24.45,116.963922998027,156.891280864788,51.1689335510568,3.42084740790939,4.85374856909172,-0.00942838559986181
24.5,117.135904559834,157.133657032345,51.167852020133,3.45831461900163,4.8412926156613,-0.0337765680156894
24.55,117.309744501306,157.375409543357,51.165561747379,3.49518431110257,4.82880166159701,-0.0577736301312071
24.6,117.485413202576,157.616536549158,51.1620809463113,3.53146669839323,4.81627172644712,-0.081393409862785
24.65,117.662881549987,157.857035996889,51.1574291176634,3.56717181252155,4.80369862471937,-0.104610584310621
24.7,117.842120926588,158.096905619497,51.1516270068825,3.60230948764314,4.79107797571148,-0.127400691318075
24.75,118.023103201898,158.336142926227,51.1446965605824,3.63688934603322,4.77840521390887,-0.149740149594143
24.8,118.205800720963,158.574745193655,51.136660882028,3.6709207843338,4.76567559992869,-0.171606277391081
24.85,118.390186292749,158.81270945728,51.1275441857209,3.70441296049873,4.75288423198592,-0.192977309731191
24.9,118.576233177894,159.0500325037,51.1173717511608,3.73737478149682,4.7400260578537,-0.213832414178768
24.95,118.763915075869,159.286710863398,51.1061698758543,3.76981489183129,4.72709588728688,-0.234151705155251
25,118.953206111583,159.52274080416,51.0939658276445,3.80174166293011,4.7140884048744,-0.253916256797645
25.05,119.14408082149,159.75811832515,51.0807877964345,3.83316318345866,4.70099818328373,-0.273108114362336
25.1,119.336514139221,159.992839151649,51.0666648453758,3.86408725060179,4.68781969685744,-0.291710304178513
25.15,119.530481380818,160.226898730484,51.0516268615967,3.89452136235784,4.67454733552005,-0.30970684215746
25.2,119.725958229603,160.460292226165,51.0357045065398,3.92447271088205,4.66117541895122,-0.327082740866089
25.25,119.922920720741,160.693014517729,51.0189291659824,3.95394817691157,4.64769821097949,-0.343824015175168
25.3,120.12134522555,160.92506019631,51.0013328998095,3.98295432529803,4.63410993414954,-0.359917686494781
25.35,120.321208435626,161.156423563446,50.9829483916103,4.0114974016679,4.620404784415,-0.375351785611622
25.4,120.522487346815,161.387098630111,50.9638088981669,4.03958333022418,4.6065769459079,-0.3901153541448
25.45,120.725159243113,161.617079116503,50.9439481989048,4.0672177126962,4.59262060573563,-0.404198444638837
25.5,120.929201680542,161.846358452553,50.9234005453726,4.09440582843784,4.57852996875629,-0.417592119314553
25.55,121.134592471055,162.074929779191,50.9022006108166,4.12115263566729,4.56429927228333,-0.430288447500449
25.6,121.341309666533,162.302785950322,50.880383439917,4.14746277383457,4.54992280067122,-0.442280501769134
25.65,121.549331542932,162.529919535551,50.8579843987485,4.17334056709638,4.53539489973437,-0.453562352805115
25.7,121.758636584627,162.756322823602,50.8350391250288,4.19879002887086,4.52070999095295,-0.464129063032064
25.75,121.969203469008,162.981987826459,50.8115834787169,4.22381486743835,4.50586258542016,-0.47397667902929
25.8,122.181011051387,163.206906284186,50.7876534930187,4.24841849254818,4.49084729748746,-0.483102222768767
25.85,122.394038350256,163.431069670422,50.7632853258609,4.27260402298509,4.47565885806543,-0.49150368170546
25.9,122.608264518662,163.654469220804,50.738515211888,4.29636319473828,4.46030965061356,-0.499179997764771
25.95,122.823665758981,163.877100836119,50.7133794150123,4.31959801364676,4.44495664045111,-0.506131057460185
26,123.040215550419,164.098965018438,50.6879141812766,4.3423066471601,4.42961165528988,-0.512357687603513
26.05,123.25788779443,164.320062067145,50.6621556920994,4.36449751544428,4.41427061025056,-0.51786164425963
26.1,123.476656812084,164.540392075922,50.6361400181581,4.38617898149371,4.39892936365718,-0.522645598575275
26.15,123.696497340989,164.759954930138,50.6099030740108,4.40735934233143,4.38358372613711,-0.526713121534349
26.2,123.917384527748,164.978750310394,50.5834805735086,4.42804657728076,4.36822981589638,-0.530068667577995
26.25,124.139293907109,165.196777715502,50.5569079860615,4.4482483094932,4.35286414075303,-0.532717556905376
26.3,124.362201392917,165.414036470186,50.5302204938095,4.46797208841097,4.33748321776288,-0.534665956957695
26.35,124.586083274954,165.630525724832,50.5034529497405,4.48722540087433,4.32208355763165,-0.535920863070591
26.4,124.810916215649,165.846244455369,50.4766398367984,4.50601566510157,4.3066616727286,-0.536490078233219
26.45,125.036677246508,166.061191463545,50.4498152280241,4.52435022493823,4.29121408465491,-0.536382191993582
26.5,125.263343764256,166.275365377568,50.4230127477716,4.54223634438109,4.27573733136197,-0.535606558554565
26.55,125.490893526712,166.488764653092,50.3962655340393,4.55968120238072,4.26022797381777,-0.534173274106247
26.6,125.719304648412,166.701387574527,50.369606201952,4.57669188792568,4.24468260222297,-0.532093153441028
26.65,125.948555595997,166.913232256641,50.34306680843,4.59327539540957,4.22909784178181,-0.529377705898841
26.7,126.178625181118,167.12429665249,50.3166788180877,4.60943845306459,4.21347078947778,-0.526039107675382
26.75,126.409492535622,167.334578604499,50.2904730710882,4.62518715365776,4.19779987532265,-0.522090152844833
26.8,126.641137087632,167.544075887602,50.2644797533927,4.64052730756902,4.18208381967232,-0.517544209815395
26.85,126.873538551527,167.752786212688,50.2387283686737,4.65546455546529,4.16632134117426,-0.512415198122512
26.9,127.106676919594,167.96070722663,50.2132477113037,4.67000437393068,4.1505111613048,-0.506717566531834
26.95,127.340532453961,168.167836512539,50.188065840452,4.68415208105848,4.13465200883618,-0.500466270635327
27,127.575085678817,168.37417159024,50.1632100553135,4.69791284200029,4.11874262422387,-0.493676749973696
27.05,127.810317372898,168.57970991696,50.1387068714921,4.71129167446708,4.10278176390515,-0.48636490471905
27.1,128.046208562253,168.784448888238,50.1145819985607,4.72429345417603,4.08676820450133,-0.478547071952305
27.15,128.282740513281,168.988385839031,50.0908603188168,4.73692292023625,4.07070074691639,-0.470240001570413
27.2,128.519894722264,169.191518056356,50.0675658672632,4.74918444540435,4.05457894039159,-0.461460830428144
27.25,128.757652890698,169.393842840563,50.0447218130593,4.76108193893058,4.03840359071006,-0.452227050521403
27.3,128.995996912917,169.595357540638,50.022350442476,4.77261923386881,4.0221757603894,-0.442556481036732
27.35,129.234908874377,169.796059561165,50.0004731431514,4.78380014207341,4.00589661001184,-0.432467244075481
27.4,129.47437105059,169.9959463671,49.9791103895495,4.79462845390422,3.98956739292585,-0.421977740451802
27.45,129.71436590604,170.195015488276,49.9582817296328,4.80510793777929,3.97318945001146,-0.411106625348634
27.5,129.954876093073,170.393264523649,49.9380057727548,4.81524233959657,3.95676420450666,-0.39987278386071
27.55,130.19588445075,170.590691145291,49.9183001787776,4.82503538204441,3.94029315689334,-0.388295306453872
27.6,130.437374003674,170.787293102123,49.899181648418,4.83449076381978,3.92377787984176,-0.376393464370223
27.65,130.679327960761,170.9830682234,49.8806659148242,4.84361215877193,3.9072200132132,-0.364186685008733
27.7,130.921729713982,171.178014421946,49.8627677363834,4.85240321498798,3.89062125912125,-0.351694527311039
27.75,131.164562837048,171.372129697147,49.8455008907594,4.86086755383601,3.87398337705276,-0.338936657182186
27.8,131.407811084049,171.565412137695,49.8288781701575,4.86900876897979,3.85730817905008,-0.325932822976041
27.85,131.651458388046,171.757859924101,49.8129113778132,4.87683042537866,3.84059752495691,-0.312702831075003
27.9,131.895488859609,171.949471330964,49.7976113256985,4.8843360582844,3.82385331773031,-0.299266521593525
27.95,132.139886785307,172.140244729013,49.7829878334398,4.89152917224654,3.80707749882217,-0.285643744234748
28,132.384636626148,172.330178586916,49.7690497284383,4.89841324013603,3.79027204363372,-0.271854334329331
28.05,132.629723015973,172.519271472868,49.7558048471832,4.90499170219652,3.77343895704685,-0.257918089085255
28.1,132.875130759799,172.707522055952,49.7432600377468,4.91126796513141,3.75658026903665,-0.243854744077045
28.15,133.120844832123,172.894929107289,49.7314211634482,4.91724540123407,3.7396980303693,-0.229683950002495
28.2,133.366850375178,173.08149150097,49.7202931076725,4.92292734756762,3.72279430839022,-0.21542524973451
28.25,133.613132697154,173.267208214779,49.7098797798286,4.92831710519991,3.70587118290678,-0.201098055695267
28.3,133.859677270379,173.452078330722,49.7001841224307,4.93341793849867,3.68893074217071,-0.186721627579317
28.35,134.106469729469,173.636101035343,49.6912081192833,4.93823307449077,3.67197507896462,-0.172315050451769
28.4,134.353495869445,173.819275619863,49.6829528047526,4.94276570228915,3.65500628679754,-0.157897213247029
28.45,134.600741643826,174.001601480116,49.6754182741009,4.9470189725902,3.63802645621399,-0.143486787693008
28.5,134.848193162697,174.183078116316,49.6686036948652,4.95099599724361,3.62103767122118,-0.129102207684984
28.55,135.095836690754,174.363705132641,49.6625073192545,4.95469984889635,3.60404200583847,-0.114761649132638
28.6,135.343658645343,174.543482236653,49.6571264975423,4.95813356071184,3.58704152077344,-0.100483010303022
28.65,135.591645594473,174.722409238547,49.6524576924299,4.96130012616474,3.57003826022826,-0.0862838926814573
28.7,135.839784254834,174.900486050252,49.6484964943525,4.96420249891151,3.55303424884008,-0.072181582371559
28.75,136.088061489802,175.07771268438,49.6452376377016,4.96684359273631,3.53603148875873,-0.0581930320547296
28.8,136.336464307443,175.25408925303,49.6426750179352,4.96922628157149,3.5190319568648,-0.0443348435286266
28.85,136.58497985853,175.429615966455,49.6408017095462,4.97135339959165,3.50203760213067,-0.0306232508432019
28.9,136.83359543455,175.60429313161,49.6396099848585,4.97322774137964,3.48505034312706,-0.017074104051998
28.95,137.082298465735,175.778121150568,49.6390913336199,4.9748520621629,3.46807206567678,-0.0037028535954478
29,137.331076519102,175.951100518829,49.6392364833598,4.97622907811806,3.45110462065763,0.00947546466804237
29.05,137.579917296507,176.123231823519,49.6400354204786,4.97736146674156,3.43414982195542,0.0224462437684283
29.1,137.828808632722,176.294515741496,49.6414774120359,4.97825186728385,3.41720944456815,0.0351953192539914
29.15,138.077738493539,176.464953037355,49.6435510282026,4.97890288124443,3.40028522286177,0.047708982132158
29.2,138.326694973888,176.634544561365,49.6462441653429,4.9793170729251,3.3833788489776,0.0599739911094425
29.25,138.575666295999,176.803291247312,49.6495440696907,4.97949697003818,3.36649197139114,0.0719775841198344
29.3,138.824640807588,176.971194110289,49.6534373615838,4.97944506436701,3.34962619362171,0.0837074891320102
29.35,139.073606980074,177.138254244418,49.6579100602208,4.97916381247516,3.33278307309164,0.0951519342268308
29.4,139.322553406841,177.304472820515,49.6629476089033,4.97865563646143,3.31596412013396,0.106299656937664
29.45,139.571468801531,177.469851083722,49.6685349007264,4.97792292475717,3.29917079714648,0.117139912847164
29.5,139.820341996386,177.634390351083,49.6746563046809,4.97696803296265,3.28240451789042,0.127662483435234
29.55,140.069161940623,177.798092009107,49.6812956921281,4.97579328471904,3.26566664693102,0.137857683173996
29.6,140.317917698861,177.960957511288,49.6884364636117,4.97440097261275,3.24895849921745,0.147716365866682
29.65,140.566598449593,178.122988375624,49.6960615759665,4.97279335910857,3.23228133979883,0.15722993022848
29.7,140.815193483702,178.284186182113,49.7041535696878,4.97097267750843,3.21563638367314,0.166390324708434
29.75,141.063692203024,178.444552570252,49.712694596523,4.96894113293235,3.19902479576529,0.175190051552602
29.8,141.312084118972,178.604089236532,49.7216664472473,4.96670090331826,3.18244769103046,0.183622170109762
29.85,141.560358851195,178.762797931949,49.7310505795855,4.96425414043752,3.16590613467853,0.191680299382021
29.9,141.808506126297,178.920680459523,49.7408281462428,4.96160297092288,3.14940114251527,0.199358619823738
29.95,142.056515776608,179.077738671836,49.7509800230071,4.9587494973058,3.13293368139562,0.206651874393245
30,142.304377739005,179.233974468604,49.7614868368845,4.95569579906004,3.11650466978435,0.213555368862861
30.05,142.552082053781,179.389389794267,49.772328994233,4.95244393364847,3.10011497841904,0.220064971393721
30.1,142.799618863577,179.543986635627,49.7834867088558,4.94899593757043,3.08376543107034,0.226177111382962
30.15,143.046978412353,179.697767019514,49.7949400300193,4.94535382740653,3.06745680539413,0.231888777591746
30.2,143.294151044426,179.850733010512,49.8066688703596,4.94151960085845,3.05118983387036,0.237197515563617
30.25,143.541127203543,180.002886708717,49.818653033643,4.93749523778093,3.03496520482291,0.242101424343575
30.3,143.787897432024,180.154230247562,49.8308722423438,4.93328270120353,3.01878356351503,0.246599152509189
30.35,144.034452369935,180.30476579169,49.8433061650085,4.9288839383398,3.00264551331461,0.250689893525964
30.4,144.280782754334,180.454495534891,49.8559344433699,4.9243008815814,2.98655161692374,0.254373380440012
30.45,144.526879418544,180.603421698099,49.8687367191795,4.91953544947521,2.97050239766675,0.257649879921929
30.5,144.772733291492,180.75154652746,49.8816926607272,4.91458954768105,2.95449834083101,0.260520185676572
30.55,145.018335397083,180.89887229246,49.894781989015,4.90946506990845,2.93853989505485,0.262985611234205
30.6,145.26367685363,181.045401284131,49.9079845035557,4.90416389883015,2.92262747375691,0.26504798213921
30.65,145.508748873321,181.191135813326,49.9212801077656,4.89868790697101,2.90676145660124,0.266709627553282
30.7,145.753542761734,181.336078209069,49.9346488339243,4.89303895757047,2.89094219099253,0.267973371290678
30.75,145.998049917396,181.480230816978,49.948070867671,4.88721890541712,2.87516999359617,0.268842522303739
30.8,146.242261831379,181.62359599777,49.9615265720128,4.88122959765396,2.85944515187741,0.269320864637499
30.85,146.486170086935,181.766176125835,49.9749965108177,4.87507287455318,2.84376792565465,0.269412646872761
30.9,146.729766359175,181.907973587897,49.9884614717667,4.86875057025913,2.82813854866138,0.269122571077541
30.95,146.973042414779,182.048990781747,50.0019024887425,4.86226451349861,2.81255723011192,0.26845578128728
31,147.215990111742,182.189230115056,50.0153008636301,4.85561652825735,2.79702415626587,0.267417851534667
31.05,147.458601399153,182.328694004266,50.0286381875087,4.848808434422,2.78153949198672,0.26601477345034
31.1,147.700868317004,182.467384873562,50.0418963612131,4.84184204838693,2.76610338228977,0.264252943456089
31.15,147.942782996035,182.605305153912,50.0550576152447,4.83471918362501,2.75071595387523,0.262139149572548
31.2,148.184337657594,182.742457282194,50.0681045290144,4.82744165122214,2.73537731664199,0.259680557863635
31.25,148.425524613536,182.878843700395,50.0810200493982,4.82001126037494,2.72008756517822,0.256884698540286
31.3,148.666336266139,183.014466854875,50.0937875085913,4.81242981885134,2.70484678022496,0.253759451746221
31.35,148.906765108042,183.149329195716,50.1063906412424,4.80469913341393,2.68965503010889,0.250313033048695
31.4,149.146803722203,183.283433176137,50.1188136008567,4.79682101020582,2.67451237214116,0.246553978657309
31.45,149.386444781881,183.416781251974,50.1310409754534,4.78879725509916,2.65941885397877,0.242491130394075
31.5,149.625681050629,183.549375881232,50.1430578024658,4.78062967400627,2.64437451494588,0.238133620438005
31.55,149.864505382302,183.681219523701,50.1548495828732,4.77232007315362,2.62937938731193,0.233490855867517
31.6,150.102910721077,183.812314640634,50.1664022945562,4.76387025931881,2.61443349752445,0.228572503023961
31.65,150.340890101491,183.942663694486,50.1777024048649,4.75528204003101,2.59953686739394,0.223388471719525
31.7,150.578436648478,184.072269148709,50.1887368823957,4.74655722373517,2.584689515229,0.217948899312717
31.75,150.81554357742,184.201133467607,50.1994932079673,4.73769761992056,2.56989145691976,0.212264134674503
31.8,151.052204194202,184.329259116239,50.2099593847945,4.72870503921408,2.55514270696812,0.206344722068054
31.85,151.28841189527,184.456648560375,50.2201239478526,4.71958129343914,2.54044327946336,0.200201384964882
31.9,151.524160167692,184.583304266499,50.229975972433,4.71032819564064,2.52579318900196,0.193845009819933
31.95,151.759442589218,184.709228701853,50.2395050818859,4.70094756007695,2.51119245155086,0.187286629827987
32,151.99425282834,184.834424334532,50.2487014545512,4.69144120217954,2.49664108525328,0.180537408683448
32.05,152.228584644352,184.958893633607,50.2575558298785,4.68181093848136,2.48213911117672,0.173608624365296
32.1,152.462431887397,185.082639069288,50.2660595137361,4.67205858651469,2.46768655400287,0.1665116529687
32.15,152.695788498518,185.205663113126,50.2742043829146,4.6621859646795,2.45328344265924,0.159257952604386
32.2,152.928648509698,185.327968238234,50.2819828888267,4.65219489208346,2.43892981089281,0.15185904738654
32.25,153.161006043887,185.449556919546,50.289388060409,4.64208718835447,2.4246256977858,0.144326511529584
32.3,153.392855315026,185.57043163409,50.2964135062329,4.631864673427,2.41037114821417,0.136671953573775
32.35,153.624190628056,185.690594861295,50.3030534158287,4.62152916730317,2.39616621324955,0.128907000759117
32.4,153.855006378913,185.810049083302,50.3093025602339,4.61108248979002,2.38201095050525,0.121043283566627
32.45,154.085297054513,185.928796785306,50.3151562917724,4.60052646021389,2.36790542442747,0.113092420445492
32.5,154.315057232722,186.046840455897,50.3206105430755,4.58986289711333,2.3538497065328,0.105066002744179
32.55,154.544281582303,186.164182587423,50.3256618253544,4.57909361791166,2.33984387559327,0.0969755798630182
32.6,154.772964862858,186.280825676355,50.3303072259369,4.56822043857058,2.32588801777029,0.0888326446452459
32.65,155.001101924741,186.396772223659,50.3345444050795,4.55724517322593,2.31198222669911,0.0806486190229534
32.7,155.22868770896,186.512024735169,50.3383715920682,4.54616963380708,2.29812660352522,0.0724348399338051
32.75,155.455717247057,186.626585721966,50.3417875806233,4.53499562964108,2.28432125689466,0.0642025455238166
32.8,155.682185660965,186.740457700748,50.3447917236206,4.52372496704303,2.27056630289986,0.0559628616508881
32.85,155.908088162851,186.853643194202,50.3473839271464,4.51235944889379,2.25686186498294,0.0477267887031836
32.9,156.133420054928,186.96614473137,50.3495646439011,4.50090087420652,2.24320807379851,0.0395051887458321
32.95,156.358176729257,187.077964848,50.3513348659689,4.48935103768323,2.22960506703793,0.0313087730088011
33,156.582353667514,187.1891060869,50.3526961169705,4.47771172926264,2.21605298921706,0.0231480897281631
33.05,156.805946440747,187.299570998267,50.3536504436173,4.46598473366067,2.20255199142976,0.0150335123523347
33.1,157.028950709095,187.409362140011,50.3542004066844,4.45417182990482,2.1891022310692,0.0069752281242218
33.15,157.2513622215,187.518482078065,50.3543490714236,4.44227479086361,2.17570387151915,-0.00101677295044351
33.2,157.473176815382,187.626933386672,50.3540999974335,4.43029538277242,2.16235708181751,-0.00893270873894599
33.25,157.694390416297,187.734718648661,50.3534572280083,4.41823536475691,2.1490620362943,-0.0167630152126379
33.3,157.91499903757,187.841840455702,50.352425278986,4.40609648835511,2.13581891418625,-0.0244983562648855
33.35,158.134998779903,187.948301408543,50.351009127115,4.39388049703946,2.12262789923024,-0.0321296331082602
33.4,158.354385830961,188.054104117219,50.3492141979623,4.38158912573993,2.1094891792378,-0.0396479932439856
33.45,158.57315646493,188.159251201252,50.3470463533839,4.36922410036915,2.0964029456529,-0.0470448389973112
33.5,158.791307042058,188.263745289813,50.3445118785796,4.35678713735088,2.08336939309496,-0.0543118356131441
33.55,159.008834008166,188.367589021879,50.3416174687531,4.34427994315263,2.07038871888953,-0.0614409189069269
33.6,159.225733894142,188.470785046346,50.3383702154027,4.33170421382358,2.05746112258841,-0.0684243024664034
33.65,159.442003315405,188.573336022136,50.3347775922611,4.31906163453863,2.04458680548143,-0.0752544844005662
33.7,159.65763897135,188.675244618269,50.3308474409104,4.30635387914968,2.03176597010182,-0.0819242536327225
33.75,159.872637644775,188.776513513909,50.3265879560939,4.29358260974482,2.01899881972711,-0.0884266957352586
33.8,160.086996201279,188.877145398397,50.322007670747,4.28074947621645,2.00628555787744,-0.0947551983043134
33.85,160.30071158864,188.97714297124,50.3171154407713,4.26785611583902,1.99362638781306,-0.100903455873203
33.9,160.513780836177,189.076508942096,50.3119204295748,4.25490415285725,1.98102151203282,-0.106865474364055
33.95,160.726201054087,189.175246030716,50.3064320924004,4.24189519808543,1.96847113177531,-0.11263557507772
34,160.937969432763,189.273356966872,50.3006601604671,4.22883084851854,1.95597544652424,-0.118208398222644
34.05,161.149083242097,189.370844490254,50.2946146249458,4.2157126869559,1.94353465351964,-0.123578905983952
34.1,161.359539830755,189.467711350351,50.2883057207936,4.20254228163772,1.9311489472763,-0.128742385134612
34.15,161.569336625446,189.563960306298,50.2817439104681,4.18932118589536,1.91881851911085,-0.13369444919109
34.2,161.778471130165,189.659594126706,50.2749398675464,4.17605093781556,1.90654355667875,-0.138431040116476
34.25,161.986940925423,189.754615589469,50.2679044602689,4.16273305991923,1.89432424352254,-0.142948429574631
34.3,162.194743667463,189.849027481545,50.2606487350327,4.14936905885519,1.8821607586323,-0.147243219739407
34.35,162.401877087457,189.94283259872,50.2531838998549,4.13596042510919,1.87005327601953,-0.151312343663552
34.4,162.60833899069,190.036033745345,50.2455213078282,4.1225086327285,1.85800196430544,-0.155153065212393
34.45,162.814127255735,190.128633734062,50.2376724405916,4.10901513906248,1.84600698632436,-0.158762978567914
34.5,163.019239833609,190.220635385501,50.229648891835,4.09548138451921,1.83406849874343,-0.16214000730931
34.55,163.223674746921,190.312041527962,50.2214623508616,4.08190879233842,1.82218665169891,-0.165282403076577
34.6,163.427430089008,190.402854997084,50.2131245862264,4.06829876838097,1.81036158845014,-0.168188743824158
34.65,163.630504023062,190.493078635488,50.204647429473,4.05465270093482,1.79859344505148,-0.170857931672087
34.7,163.832894781246,190.582715292413,50.196042758987,4.04097196053768,1.78688235004285,-0.173289190362516
34.75,164.034600663804,190.671767823329,50.1873224839865,4.02725789981637,1.77522842415926,-0.175482062329907
34.8,164.23562003816,190.760239089542,50.1784985286687,4.01351185334277,1.76363178005981,-0.177436405393571
34.85,164.43595133801,190.848131957787,50.169582816531,3.9997351375065,1.75209252207621,-0.179152389081596
34.9,164.635593062417,190.935449299799,50.1605872548853,3.98592905040411,1.74061074598127,-0.180630490595595
34.95,164.834543774886,191.022193991884,50.1515237195819,3.97209487174468,1.7291865387774,-0.181871490426017
35,165.032802102448,191.108368914476,50.1424040399622,3.95823386277178,1.71781997850523,-0.1828764676281
35.05,165.230366734731,191.193976951683,50.1332399840553,3.94434726620152,1.70651113407236,-0.183646794768874
35.1,165.427236423038,191.279020990825,50.1240432440355,3.93043630617654,1.69526006510225,-0.184184132555874
35.15,165.623409979411,191.363503921972,50.1148254219557,3.91650218823569,1.68406682180306,-0.184490424158529
35.2,165.818886275706,191.447428637462,50.1055980157729,3.90254609929912,1.6729314448564,-0.184567889233449
35.25,166.013664242657,191.530798031431,50.0963724056788,3.88856920766858,1.66185396532576,-0.184419017665033
35.3,166.20774286895,191.613614999325,50.0871598407507,3.87457266304243,1.65083440458428,-0.184046563033106
35.35,166.401121200291,191.695882437414,50.0779714259356,3.86055759654534,1.63987277426172,-0.183453535819422
35.4,166.593798338477,191.777603242306,50.06881810938,3.84652512077196,1.62896907621012,-0.182643196365133
35.45,166.785773440476,191.858780310457,50.059710670118,3.83247632984451,1.6181233024879,-0.181619047591417
35.5,166.977045717498,191.939416537681,50.0506597061293,3.81841229948368,1.60733543536195,-0.180384827495672
35.55,167.167614434084,192.019514818661,50.0416756227769,3.80433408709259,1.59660544732715,-0.178944501435772
35.6,167.357478907186,192.099078046461,50.0327686216364,3.79024273185324,1.58593330114295,-0.177302254215018
35.65,167.546638505265,192.17810911204,50.0239486897256,3.77613925483517,1.57531894988653,-0.175462481980507
35.7,167.735092647384,192.256610903771,50.0152255891434,3.76202465911573,1.56476233702177,-0.173429783947722
35.75,167.922840802311,192.334586306963,50.0066088471267,3.74789992991165,1.5542633964837,-0.171208953964218
35.8,168.109882487634,192.412038203382,49.9981077465327,3.73376603472133,1.54382205277771,-0.1688049719253
35.85,168.296217268874,192.488969470789,49.989731316754,3.71962392347745,1.53343822109294,-0.166222995054654
35.9,168.481844758614,192.565382982472,49.9814883250728,3.70547452870935,1.52311180742922,-0.163468349062865
35.95,168.666764615633,192.641281606795,49.9733872684601,3.69131876571477,1.51284270873688,-0.160546519196789
36,168.850976544044,192.716668206744,49.9654363658241,3.67715753274043,1.50263081306883,-0.157463141192684
36.05,169.034480292454,192.791545639488,49.9576435507141,3.66299171117091,1.49247599974421,-0.15422399214601
36.1,169.21727565312,192.865916755949,49.9500164644824,3.64882216572542,1.48237813952298,-0.150834981310711
36.15,169.399362461123,192.939784400378,49.9425624499072,3.63464974466194,1.47233709479062,-0.147302140840766
36.2,169.580740593549,193.013151409936,49.9352885452805,3.62047527998814,1.46235271975252,-0.143631616486678
36.25,169.761409968684,193.086020614297,49.9282014789609,3.60629958767882,1.45242486063713,-0.139829658259477
36.3,169.941370545215,193.158394835251,49.9213076643953,3.59212346789909,1.44255335590735,-0.135902611074719
36.35,170.120622321447,193.230276886321,49.914613195607,3.57794770523301,1.43273803647934,-0.131856905388804
36.4,170.299165334532,193.301669572391,49.908123843153,3.56377306891725,1.42297872594824,-0.127699047839813
36.45,170.476999659701,193.372575689349,49.9018450505487,3.54960031307902,1.41327524081999,-0.1234356119049
36.5,170.654125409523,193.442998023734,49.8957819311587,3.53543017697814,1.40362739074869,-0.119073228586101
36.55,170.830542733159,193.512939352402,49.8899392655526,3.52126338525261,1.39403497877875,-0.11461857713625
36.6,171.006251815646,193.582402442201,49.8843214993234,3.50710064816719,1.38449780159129,-0.110078375836479
36.65,171.181252877175,193.651390049659,49.8789327413655,3.49294266186473,1.3750156497541,-0.105459372836582
36.7,171.355546172402,193.719904920686,49.8737767626082,3.47879010861961,1.36558830797453,-0.100768337069304
36.75,171.529131989752,193.787949790284,49.8688569952027,3.46464365709304,1.35621555535482,-0.0960120492493694
36.8,171.702010650747,193.855527382278,49.8641765321553,3.45050396258974,1.34689716564908,-0.0911972929678454
36.85,171.874182509349,193.922640409049,49.8597381274047,3.43637166731553,1.33763290752159,-0.0863308458921528
36.9,172.045647951307,193.989291571293,49.8555441963353,3.4222474006356,1.32842254480569,-0.0814194710817998
36.95,172.21640739352,194.055483557781,49.8515968167223,3.40813177933299,1.31926583676277,-0.0764699084296237
37,172.386461283421,194.121219045136,49.8478977301015,3.39402540786683,1.31016253834093,-0.071488866238051
37.05,172.55581009836,194.186500697629,49.8444483435558,3.37992887863028,1.30111240043267,-0.0664830129395928
37.1,172.724454345014,194.251331166978,49.841249731913,3.36584277220743,1.29211517013122,-0.0614589689704902
37.15,172.892394558795,194.315713092166,49.8383026403454,3.35176765762923,1.28317059098509,-0.0564232988061224
37.2,173.059631303285,194.379649099271,49.8356074873631,3.33770409262787,1.27427840325028,-0.0513825031664722
37.25,173.226165169677,194.443141801306,49.8331643681932,3.32365262388941,1.26543834413989,-0.0463430113996203
37.3,173.391996776225,194.506193798073,49.8309730585349,3.30961378730445,1.25665014807053,-0.0413111740509177
37.35,173.557126767714,194.568807676032,49.8290330186815,3.2955881082164,1.24791354690542,-0.0362932556251456
37.4,173.721555814936,194.630986008174,49.8273433979991,3.28157610166728,1.23922827019359,-0.0312954275486376
37.45,173.885284614186,194.692731353919,49.8259030397522,3.26757827264069,1.23059404540497,-0.0263237613379938
37.5,174.048313886759,194.75404625901,49.8247104862653,3.25359511630177,1.22201059816104,-0.0213842219816679
37.55,174.210644378467,194.81493325543,49.8237639844109,3.23962711823393,1.2134776524608,-0.0164826615403561
37.6,174.37227685917,194.875394861327,49.8230614914105,3.22567475467215,1.2049949309016,-0.0116248129717645
37.65,174.533212122308,194.935433580947,49.8226006809397,3.21173849273269,1.19656215489492,-0.00681628418496806
37.7,174.693450984453,194.995051904584,49.8223789495243,3.19781879063899,1.18817904487651,-0.00206255232922015
37.75,174.852994284873,195.05425230853,49.8223934232164,3.18391609794367,1.17984532051093,0.0026310416782966
37.8,175.011842885101,195.113037255048,49.8226409645371,3.17003085574639,1.17156070089026,0.00725929838164641
37.85,175.169997668515,195.171409192344,49.8231181796759,3.15616349690754,1.16332490472674,0.011817164768479
37.9,175.327459539939,195.229370554554,49.8238214259317,3.14231444625762,1.15513765053922,0.0162997390021298
37.95,175.484229425238,195.286923761739,49.8247468193847,3.12848412080212,1.14699865683338,0.0207022749004466
38,175.640308270939,195.344071219889,49.8258902427862,3.11467292992189,1.13890764227549,0.0250201861586711
38.05,175.79569704385,195.400815320935,49.8272473536521,3.10088127556895,1.13086432585972,0.0292490503140673
38.1,175.950396730693,195.457158442768,49.8288135925489,3.08710955245753,1.12286842706882,0.0333846124503508
38.15,176.104408337753,195.51310294927,49.8305841915583,3.07335814825043,1.11491966602824,0.037422788640333
38.2,176.257732890523,195.568651190348,49.8325541829072,3.05962744374055,1.10701776365355,0.0413596691255505
38.25,176.410371433367,195.623805501976,49.83471840775,3.04591781302764,1.09916244179118,0.045191521232007
38.3,176.562325029191,195.678568206249,49.8370715250905,3.03222962369013,1.0913534233525,0.048914792021505
38.35,176.713594759121,195.732941611435,49.8396080208289,3.01856323695211,1.08359043244111,0.0525261106783929
38.4,176.864181722188,195.78692801204,49.8423222169227,3.00491900784547,1.07587319447362,0.0560222906318963
38.45,177.014087035024,195.840529688877,49.8452082806463,2.99129728536708,1.06820143629361,0.0594003314145442
38.5,177.163311831562,195.893748909137,49.8482602339369,2.97769841263115,1.06057488627919,0.0626574202575322
38.55,177.311857262747,195.946587926472,49.8514719628141,2.96412272701674,1.05299327444386,0.0657909334241961
38.6,177.459724496253,195.999048981078,49.8548372268596,2.9505705603104,1.04545633253104,0.0687984372830947
38.65,177.606914716207,196.051134299781,49.8583496687432,2.93704223884402,1.03796379410216,0.071677689122514
38.7,177.753429122916,196.102846096134,49.8620028237848,2.923538083628,1.03051539461842,0.0744266377085223
38.75,177.899268932611,196.154186570513,49.8657901295359,2.91005841047959,1.0231108715165,0.0770434235890073
38.8,178.044435377184,196.205157910214,49.869704935372,2.89660353014666,1.01574996427803,0.0795263791464255
38.85,178.188929703943,196.255762289562,49.8737405120797,2.88317374842687,1.00843241449324,0.0818740284022856
38.9,178.33275317536,196.306001870014,49.8778900614291,2.86976936628225,1.00115796591867,0.0840850865766725
38.95,178.475907068841,196.35587880027,49.8821467257176,2.85639067994942,0.993926364529247,0.0861584594063907
39,178.618392676485,196.405395216387,49.8865035972737,2.84303798104531,0.986737358564799,0.0880932422255785
39.05,178.76021130486,196.45455324189,49.8909537279089,2.82971155666868,0.979590698571104,0.0898887188129001
39.1,178.901364274778,196.503354987889,49.8954901383064,2.81641168949736,0.972486137435732,0.0915443600096771
39.15,179.041852921075,196.551802553199,49.9001058273353,2.80313865788139,0.965423430418748,0.0930598221135605
39.2,179.1816785924,196.599898024457,49.9047937812781,2.78989273593206,0.958402335178482,0.0944349450525795
39.25,179.320842651001,196.647643476244,49.9095469829625,2.77667419360712,0.951422611792502,0.0956697503446275
39.3,179.459346472525,196.695040971206,49.9143584207853,2.76348329679203,0.944484022773983,0.09676443884766
39.35,179.597191445809,196.742092560174,49.9192210976193,2.75032030737749,0.937586333083617,0.0977193883060861
39.4,179.734378972691,196.78880028229,49.9241280395915,2.73718548333341,0.930729310137253,0.0985351506990299
39.45,179.870910467806,196.835166165128,49.929072304725,2.7240790787792,0.923912723809435,0.0992124493963248
39.5,180.006787358404,196.881192224816,49.9340469914334,2.71100134405071,0.917136346433011,0.0997521761282808
39.55,180.142011084157,196.926880466163,49.9390452468594,2.69795252576387,0.910399952794985,0.10015538777543
39.6,180.276583096976,196.972232882775,49.9440602750481,2.684932866875,0.903703320128802,0.100423302984614
39.65,180.410504860829,197.017251457183,49.9490853449477,2.67194260673813,0.897046228103221,0.100557298617917
39.7,180.543777851564,197.061938160961,49.9541137982278,2.65898198115924,0.890428458807972,0.100558906041095
39.75,180.676403556731,197.106294954848,49.9591390569086,2.64605122244762,0.883849796736354,0.100429807258271
39.8,180.808383475409,197.150323788867,49.9641546307933,2.63315055946446,0.877310028764966,0.100171830899768
39.85,180.939719118035,197.194026602443,49.9691541246958,2.6202802176688,0.870808944130716,0.0997869480700924
39.9,181.070412006235,197.237405324525,49.9741312454585,2.60744041916083,0.864346334405313,0.0992772680631363
39.95,181.200463672657,197.280461873694,49.9790798087511,2.59463138272279,0.857921993467378,0.0986450339517697
40,181.329875660805,197.323198158284,49.9839937456477,2.58185332385757,0.851535717472356,0.0978926180590734
40.05,181.458649524878,197.365616076494,49.9888671089731,2.56910645482494,0.845187304820396,0.0970225173185137
40.1,181.586786829606,197.407717516496,49.9936940794156,2.55639098467576,0.838876556122337,0.0960373485304209
40.15,181.714289150095,197.449504356549,49.9984689713994,2.54370711928413,0.83260327416399,0.0949398435221758
40.2,181.841158071664,197.490978465104,50.0031862387135,2.53105506137757,0.826367263868835,0.0937328442195416
40.25,181.967395189689,197.532141700911,50.007840479891,2.51843501056541,0.820168332259306,0.0924192976366016
40.3,182.093002109452,197.572995913123,50.0124264433374,2.50584716336545,0.81400628841681,0.0910022507917746
40.35,182.217980445981,197.613542941397,50.0169390322022,2.493291713229,0.8078809434406,0.0894848455573888
40.4,182.342331823903,197.653784615997,50.0213733089911,2.48076885056433,0.801792110405675,0.0878703134502797
40.45,182.466057877289,197.693722757885,50.0257244999175,2.46827876275878,0.795739604319804,0.0861619703708721
40.5,182.589160249504,197.733359178823,50.0299879989888,2.45582163419941,0.789723242079838,0.0843632112981715
40.55,182.711640593058,197.772695681466,50.0341593718273,2.44339764629246,0.783742842427407,0.0824775049480622
40.6,182.833500569456,197.811734059449,50.0382343592225,2.43100697748167,0.777798225904145,0.0805083884022621
40.65,182.954741849053,197.850476097478,50.0422088804148,2.41864980326537,0.771889214806548,0.0784594617152322
40.7,183.075366110906,197.888923571418,50.0460790361091,2.40632629621275,0.766015633140576,0.076334382506279
40.75,183.195375042625,197.927078248375,50.0498411112176,2.39403662597906,0.760177306576114,0.0741368605440144
40.8,183.314770340234,197.96494188678,50.0534915773315,2.38178095932005,0.754374062401389,0.0718706523302627
40.85,183.433553708019,198.002516236467,50.0570270949232,2.36955946010557,0.748605729477442,0.0695395556904148
40.9,183.551726858389,198.039803038753,50.0604445152765,2.35737228933251,0.742872138192747,0.0671474043771371
40.95,183.669291511732,198.07680402651,50.0637408821494,2.34521960513715,0.737173120418071,0.0646980626942384
41,183.786249396271,198.11352092424,50.0669134331669,2.33310156280681,0.731508509461654,0.0621954201473888
41.05,183.902602247922,198.149955448146,50.0699596009489,2.32101831479114,0.725878140024788,0.059643386128268
41.1,184.018351810153,198.1861093062,50.0728770139719,2.30897001071291,0.72028184815787,0.0570458846385941
41.15,184.133499833843,198.221984198209,50.0756634971686,2.29695679737841,0.714719471217004,0.0544068490603543
41.2,184.248048077141,198.257581815879,50.0783170722673,2.28497881878754,0.709190847821212,0.0517302169784215
41.25,184.361998305325,198.292903842879,50.080835957874,2.27303621614364,0.703695817810316,0.0490199250615944
41.3,184.475352290665,198.327951954899,50.0832185692996,2.26112912786307,0.698234222203545,0.046279904007952
41.35,184.588111812282,198.362727819707,50.0854635181368,2.24925768958466,0.692805903158931,0.0435140735602539
41.4,184.700278656009,198.39723309721,50.0875696115891,2.23742203417901,0.687410703933527,0.04072633759696
41.45,184.811854614253,198.431469439501,50.0895358515564,2.22562229175769,0.682048468844498,0.0379205793042734
41.5,184.922841485861,198.465438490918,50.0913614334818,2.21385858968244,0.676719043231128,0.0351006564344413
41.55,185.033241075975,198.499141888086,50.093045744963,2.20213105257433,0.671422273417771,0.0322703966553712
41.6,185.143055195903,198.532581259976,50.0945883641339,2.190439802323,0.666158006677784,0.02943359299644
41.65,185.252285662978,198.565758227941,50.0959890578209,2.1787849580959,0.66092609119847,0.0265939993951875
41.7,185.360934300424,198.598674405767,50.0972477794793,2.16716663634767,0.655726376047049,0.0237553263494002
41.75,185.46900293722,198.631331399715,50.0983646669145,2.15558495082967,0.650558711137688,0.0209212366788964
41.8,185.576493407966,198.663730808562,50.0993400397951,2.14404001259961,0.6454229471996,0.0180953414011307
41.85,185.683407552745,198.695874223642,50.1001743969616,2.1325319300314,0.640318935746228,0.0152811957245368
41.9,185.789747216995,198.727763228882,50.1008684135384,2.12106080882517,0.635246529045525,0.0124822951633278
41.95,185.895514251371,198.759399400841,50.1014229378548,2.10962675201752,0.630205580091343,0.00970207177726933
42,186.000710511614,198.790784308747,50.1018389881809,2.09822985999205,0.625195942575925,0.0069438905397372
42.05,186.105337858416,198.821919514528,50.1021177492848,2.0868702304901,0.620217470863512,0.00421104583716277
42.1,186.209398157293,198.852806572846,50.102260568819,2.07554795862177,0.615270019965064,0.00150675810276298
42.15,186.312893278451,198.883447031131,50.1022689535414,2.06426313687721,0.610353445514086,-0.00116582941275889
42.2,186.415825096652,198.913842429608,50.1021445653779,2.05301585513828,0.605467603743556,-0.0038036537310648
42.25,186.51819549109,198.943994301329,50.1018892173351,2.04180620069044,0.600612351463948,-0.00640373509432027
42.3,186.620006345257,198.973904172201,50.101504869268,2.03063425823493,0.595787546042347,-0.00896317976956489
42.35,186.721259546819,199.003573561012,50.100993623512,2.01950010990141,0.590993045382627,-0.0114791827074717
42.4,186.821956987479,199.033003979459,50.1003577203854,2.00840383526074,0.586228707906694,-0.0139490300538627
42.45,186.92210056286,199.062196932171,50.0995995335696,1.99734551133826,0.58149439253677,-0.0163701015125586
42.5,187.02169217237,199.091153916737,50.0987215653755,1.98632521262727,0.576789958678709,-0.0187398725583502
42.55,187.120733719079,199.119876423728,50.0977264419027,1.97534301110292,0.572115266206308,-0.0210559164990888
42.6,187.219227109595,199.148365936719,50.0966169080996,1.96439897623639,0.567470175446618,-0.0233159063860972
42.65,187.317174253934,199.176623932313,50.0953958227312,1.95349317500946,0.562854547166211,-0.0255176167723123
42.7,187.414577065402,199.204651880163,50.0940661532639,1.94262567192934,0.55826824255839,-0.0276589253177727
42.75,187.511437460467,199.23245124299,50.0926309706726,1.93179652904384,0.553711123231324,-0.0297378142422657
42.8,187.607757358639,199.260023476607,50.0910934441799,1.92100580595694,0.549183051197063,-0.0317523716251502
42.85,187.703538682349,199.287370029937,50.0894568359337,1.91025355984455,0.544683888861435,-0.0337007925525674
42.9,187.798783356823,199.314492345034,50.0877244956314,1.89953984547067,0.540213499014769,-0.0355813801124456
42.95,187.893493309968,199.341391857099,50.085899855098,1.88886471520386,0.535771744823441,-0.037392546237899
43,187.987670472248,199.368069994502,50.0839864228262,1.87822821903393,0.531358489822204,-0.0391328123998066
43.05,188.08131677657,199.394528178799,50.0819877784848,1.867630404589,0.526973597907266,-0.0408008101495436
43.1,188.17443415816,199.420767824748,50.0799075674046,1.8570713171528,0.522616933330107,-0.0423952815130193
43.15,188.267024554454,199.44679034033,50.077749495048,1.84655099968225,0.518288360691986,-0.0439150792373519
43.2,188.359089904975,199.472597126765,50.0755173214693,1.83606949282529,0.513987744939128,-0.0453591668916868
43.25,188.450632151223,199.498189578527,50.0732148557746,1.82562683493902,0.509714951358534,-0.0467266188238336
43.3,188.541653236557,199.523569083364,50.0708459505867,1.81522306210797,0.505469845574423,-0.0480166199745607
43.35,188.632155106085,199.548737022313,50.0684144965229,1.80485820816274,0.501252293545233,-0.049228465551551
43.4,188.722139706551,199.573694769718,50.065924416693,1.79453230469872,0.497062161561194,-0.0503615605651769
43.45,188.811608986222,199.598443693246,50.0633796612234,1.78424538109515,0.492899316242406,-0.0514154192284031
43.5,188.900564894781,199.622985153903,50.0607842018147,1.7739974645343,0.488763624537425,-0.0523896642232757
43.55,188.989009383213,199.647320506048,50.0581420263395,1.76378858002081,0.484654953722304,-0.0532840258365957
43.6,189.076944403701,199.671451097416,50.0554571334864,1.75361875040133,0.480573171400074,-0.0540983409675124
43.65,189.164371909516,199.695378269128,50.0527335274566,1.74348799638416,0.476518145500633,-0.0548325520099046
43.7,189.251293854912,199.71910335571,50.0499752127199,1.73339633655921,0.472489744281017,-0.0554867056125419
43.75,189.337712195019,199.74262768511,50.0471861888355,1.72334378741791,0.468487836326027,-0.0560609513201418
43.8,189.423628885741,199.765952578712,50.0443704453432,1.71333036337347,0.464512290549176,-0.05655554009855
43.85,189.50904588365,199.789079351355,50.041531956732,1.70335607678105,0.460562976193944,-0.0569708227473853
43.9,189.593965145885,199.812009311347,50.0386746774901,1.69342093795816,0.456639762835309,-0.0573072482035906
43.95,189.67838863005,199.834743760486,50.0358025372428,1.68352495520512,0.45274252038153,-0.057565361739432
44,189.762318294115,199.857283994071,50.0329194359828,1.67366813482559,0.448871119076153,-0.0577458030585801
44.05,189.845756096314,199.879631300922,50.0300292393986,1.66385048114718,0.445025429500226,-0.0578493042939934
44.1,189.92870399505,199.901786963398,50.0271357743043,1.65407199654215,0.441205322574697,-0.0578766879114056
44.15,190.011163948796,199.923752257411,50.0242428241784,1.64433268144808,0.437410669562967,-0.0578288645222925
44.2,190.093137915998,199.945528452446,50.0213541248118,1.63463253438867,0.433641342073589,-0.057706830610263
44.25,190.174627854982,199.967116811576,50.0184733600737,1.62497155199451,0.429897212063079,-0.0575116661748833
44.3,190.255635723857,199.988518591481,50.0156041577959,1.61534972902389,0.426178151838832,-0.0572445322969982
44.35,190.336163480426,200.009735042467,50.0127500857812,1.60576705838362,0.422484034062117,-0.0569066686296655
44.4,190.416213082088,200.030767408478,50.009914647939,1.59622353114982,0.418814731751139,-0.0564993908188644
44.45,190.495786485754,200.051616927122,50.0071012805518,1.58671913658873,0.415170118284136,-0.0560240878581787
44.5,190.574885647752,200.072284829683,50.0043133486747,1.57725386217752,0.411550067402523,-0.0554822193816866
44.55,190.653512523739,200.09277234114,50.0015541426727,1.56782769362499,0.407954453214035,-0.0548753128993204
44.6,190.731669068614,200.11308068019,49.9988268748971,1.55844061489234,0.404383150195884,-0.0542049609789741
44.65,190.809357236431,200.133211059259,49.9961346765038,1.54909260821377,0.40083603319789,-0.0534728183796618
44.7,190.886578980314,200.15316468453,49.9934805944168,1.5397836541172,0.397312977445599,-0.0526805991400298
44.75,190.963336252369,200.172942755951,49.9908675884372,1.53051373144472,0.393813858543349,-0.0518300736265385
44.8,191.039631003604,200.192546467264,49.9882985285022,1.52128281737315,0.390338552477302,-0.050923065545622
44.85,191.115465183844,200.211977006018,49.9857761920928,1.51209088743443,0.386886935618401,-0.0499614489241303
44.9,191.19084074165,200.231235553591,49.983303261794,1.50293791553594,0.383458884725271,-0.0489471450623463
44.95,191.265759624239,200.250323285209,49.9808823230081,1.49382387398081,0.380054276947032,-0.0478821194638491
45,191.340223777402,200.269241369963,49.9785158618212,1.48474873348797,0.376672989826032,-0.0467683787464757
