t_s,step_idx,n_drones,min_separation_m,max_separation_m,mean_separation_m,min_distance_to_goal_m,mean_distance_to_goal_m,max_distance_to_goal_m,mean_speed_ms,max_speed_ms
0.0,0,5,12.806248474865697,40.0,22.454668658396567,3980.0321606740818,4000.0160002856005,4020.031840669922,15.0,15.0
1.0,10,5,12.669749989059808,39.999065413474874,22.360224976525082,3964.733396276486,3984.716821433403,4004.7323315781323,15.0,15.000000000000002
2.0,20,5,12.347171563481215,39.99613629988325,22.135145699068794,3949.438276586505,3969.419856259398,3989.43439820979,15.0,15.000000000000002
3.0,30,5,11.944507181281878,39.99195158806975,21.84976504355351,3934.1469930776266,3954.12517001566,3974.1384270192157,15.0,15.000000000000002
4.0,40,5,11.534835847329843,39.98784628284833,21.552315633956546,3918.8576782271466,3938.831747596516,3958.8437658858575,15.0,15.000000000000002
5.0,50,5,11.16155362508454,39.98464124761243,21.272078437758047,3903.56850618151,3923.5385723989843,3943.5496326546745,15.0,15.000000000000002
6.0,60,5,10.845195429632598,39.98255266009345,21.024087197504844,3888.278301854706,3908.244952788615,3928.2554237844706,15.0,15.000000000000002
7.0,70,5,10.590779873031734,39.981418824769015,20.81371564286163,3872.986529208292,3892.950531992609,3912.9607663455195,15.0,15.000000000000002
8.0,80,5,10.394201587134921,39.98093501397081,20.640461485287904,3857.693093381417,3877.655197122532,3897.665477626918,15.0,15.0
9.0,90,5,10.24702630151863,39.980802945065044,20.500726739237482,3842.3981418407247,3862.358980756401,3882.3695048890104,15.0,15.000000000000002
10.0,100,5,10.139620986786621,39.98079676871962,20.38965966315113,3827.1019218904903,3847.061986273671,3867.072872782197,15.0,15.000000000000002
11.0,110,5,10.062904464161546,39.98077524178889,20.30225000982417,3811.8046964978885,3831.7643405283197,3851.7756454786227,15.0,15.0
12.0,120,5,10.009131834014713,39.980668073789005,20.23389811970393,3796.506702882117,3816.466167901239,3836.4779024389154,15.0,15.000000000000002
13.0,130,5,9.97209516818991,39.98045457191224,20.180650450600293,3781.2081373218507,3801.1675783675228,3821.179724382244,15.0,15.000000000000002
14.0,140,5,9.947022977546709,39.98014371512905,20.13924471786138,3765.9091538780212,3785.868663678689,3805.8811860486917,15.0,15.000000000000002
15.0,150,5,9.93035666531382,39.97975898408089,20.1070593347346,3750.609869334379,3770.5694977109583,3790.58235311438,15.0,15.000000000000002
16.0,160,5,9.919502039329965,39.97932826719356,20.082023946225565,3735.3103701042073,3755.2701386234075,3775.2832814546405,15.0,15.000000000000002
17.0,170,5,9.912602174178419,39.978877942780116,20.06252199644107,3720.0107190300255,3739.9706315499666,3759.984017617931,15.0,15.0
18.0,180,5,9.908348459759562,39.97842995474247,20.0473002862219,3704.710961233834,3724.6710112053015,3744.6845998390195,15.0,15.000000000000002
19.0,190,5,9.905831805100586,39.9780008241653,20.035391389257363,3689.411128804784,3709.3713041508136,3729.385059219354,15.0,15.000000000000002
20.0,200,5,9.904429534875934,39.97760178956282,20.02605005380474,3674.1112443963875,3694.071530655265,3714.085420883647,15.0,15.000000000000002
21.0,210,5,9.903721497811938,39.97723951775516,20.01870251241966,3658.811323909516,3678.7717061716007,3698.785705025683,15.0,15.000000000000002
22.0,220,5,9.903428957906902,39.976917029681495,20.012906796508634,3643.5113784544556,3663.4718424848716,3683.4859278130234,15.0,15.000000000000002
23.0,230,5,9.90337071123862,39.97663463309068,20.008322019873987,3628.2114157655597,3648.171948593021,3668.1861021491522,15.0,15.0
24.0,240,5,9.903431949963464,39.976390754020564,20.00468477311845,3612.9114412105646,3632.8720313774384,3652.8862383049127,15.0,15.000000000000002
25.0,250,5,9.903542411230566,39.97618262238777,20.001791058109582,3597.6114585050236,3617.572096111276,3637.586344436,15.0,15.000000000000002
26.0,260,5,9.899447466121822,39.976006804411945,19.999482491034108,3582.311470214922,3602.2721468440445,3622.2864270040022,15.0,15.000000000000002
27.0,270,5,9.895660751953264,39.975859594578544,19.997635771807847,3567.0114781085895,3586.9721866925274,3606.986491117219,15.0,15.000000000000002
28.0,280,5,9.89256381123569,39.97573728875768,19.996154642957034,3551.7114834021604,3571.6722180610195,3591.6865408055082,15.0,15.000000000000002
29.0,290,5,9.890027665477206,39.975636362409595,19.99496374212344,3536.4114869302575,3556.3722428083347,3576.386579241259,15.0,15.000000000000002
30.0,300,5,9.88794811992873,39.97555357649971,19.99400389417763,3521.1114892643973,3541.0722623746997,3561.0866089165993,15.0,15.000000000000002
31.0,310,5,9.886240864450153,39.97548603072096,19.993228498294663,3505.811490794948,3525.772277878403,3545.786631785167,15.0,15.000000000000002
32.0,320,5,9.884837572645614,39.97543118002497,19.992600748842314,3490.5114917877745,3510.472290189572,3530.4866493752684,15.0,15.0
33.0,330,5,9.883682788954665,39.97538682694109,19.992091492284754,3475.2114924233188,3495.172299986637,3515.1866628800008,15.0,15.000000000000002
34.0,340,5,9.882731439303862,39.975351099045184,19.99167757021169,3459.9114928235367,3479.8723077996374,3499.886673228862,15.0,15.000000000000002
35.0,350,5,9.881946836479944,39.975322418332404,19.991340534763783,3444.611493070432,3464.5723140435193,3484.586681144514,15.0,15.0
36.0,360,5,9.881299078954786,39.97529946718526,19.991065650020538,3429.3114932187914,3449.2723190437855,3469.286687187682,15.0,15.000000000000002
37.0,370,5,9.880763763345026,39.975281154048126,19.990841113530777,3414.011493304929,3433.9723230562945,3453.986691792579,15.0,15.000000000000002
38.0,380,5,9.880320947400493,39.97526658074067,19.99065744774834,3398.711493352674,3418.6723262825776,3438.6866952947917,15.0,15.000000000000002
39.0,390,5,9.879954313509229,39.97525501251311,19.990507022945188,3383.411493377462,3403.3723288817077,3423.3866979531836,15.0,15.000000000000002
40.0,400,5,9.879650492971692,39.975245851365855,19.990383682135874,3368.1114933891245,3388.0723309795053,3408.0866999670534,15.0,15.000000000000002
41.0,410,5,9.87939851939133,39.97523861276536,19.99028244535905,3352.811493393787,3372.7723326757055,3392.786701489554,15.0,15.000000000000002
42.0,420,5,9.879189385922393,39.97523290566132,19.99019927586512,3337.511493395146,3357.4723340495375,3377.486702638156,15.0,15.000000000000002
43.0,430,5,9.879015686167882,39.975228415553616,19.990130894722768,3322.211493395338,3342.1723351640744,3362.1867035027967,15.0,15.000000000000002
44.0,440,5,9.878871322557442,39.97522489029928,19.990074633403992,3306.9114933955093,3326.8723360696376,3346.8867041521994,15.0,15.000000000000002
45.0,450,5,9.878751269216854,39.97522212832224,19.990028316239794,3291.6114933961976,3311.5723368064655,3331.586704638787,15.0,15.000000000000002
46.0,460,5,9.878651378907767,39.97521996888803,19.989990166434588,3276.3114933975844,3296.2723374067973,3316.2867050024697,15.0,15.000000000000002
47.0,470,5,9.878568225647285,39.97521828413577,19.98995873071629,3261.0114933996483,3280.972337896522,3300.9867052735726,15.0,15.000000000000002
48.0,480,5,9.878498976252434,39.975216972579815,19.98993281876526,3245.711493402274,3265.67233829647,3285.686705475096,15.0,15.000000000000002
49.0,490,5,9.878441285357663,39.975215953841776,19.989911454402392,3230.411493405302,3250.372338623436,3270.38670562445,15.0,15.0
50.0,500,5,9.87839320950914,39.97521516438673,19.989893836152646,3215.111493408575,3235.0723388909873,3255.086705734784,15.0,15.0
51.0,510,5,9.878353136782568,39.975214554094336,19.98987930531252,3199.8114934119485,3219.772339110104,3239.7867058160095,15.0,15.000000000000002
52.0,520,5,9.878319729038834,39.97521408350272,19.98986732003249,3184.5114934153044,3204.4723392896867,3224.4867058755835,15.0,15.000000000000002
53.0,530,5,9.878291874494723,39.97521372160318,19.98985743423956,3169.211493418549,3189.1723394369665,3209.1867059190986,15.0,15.0
54.0,540,5,9.878268648715,39.9752134440749,19.989849280459374,3153.9114934216173,3173.8723395578213,3193.8867059507415,15.0,15.000000000000002
55.0,550,5,9.878249282486847,39.97521323188393,19.989842555794787,3138.6114934244642,3158.572339657043,3178.58670597364,15.0,15.000000000000002
56.0,560,5,9.878233135336977,39.97521307016176,19.98983701045688,3123.311493427064,3143.2723397385357,3163.2867059901196,15.0,15.000000000000002
57.0,570,5,9.878219673665004,39.975212947320514,19.989832438373185,3108.0114934294065,3127.972339805492,3147.9867060019096,15.0,15.000000000000002
58.0,580,5,9.878208452674881,39.97521285434871,19.989828669483607,3092.7114934314927,3112.6723398605195,3132.6867060102877,15.0,15.000000000000002
59.0,590,5,9.878199101421643,39.97521278425429,19.989825563413703,3077.411493433332,3097.3723399057535,3117.3867060161956,15.0,15.000000000000002
60.0,600,5,9.87819131042574,39.975212731627146,19.989823004273926,3062.111493434937,3082.0723399429426,3102.0867060203263,15.0,15.000000000000002
61.0,610,5,9.878184821401284,39.975212692290626,19.98982089637811,3046.811493436327,3066.7723399735214,3086.786706023187,15.0,15.000000000000002
62.0,620,5,9.878179418730724,39.975212663030284,19.989819160718053,3031.511493437523,3051.472339998665,3071.4867060251445,15.0,15.000000000000002
63.0,630,5,9.878174922377799,39.97521264137916,19.989817732056522,3016.211493438543,3036.172340019341,3056.186706026467,15.0,15.000000000000002
64.0,640,5,9.878171181996231,39.97521262544973,19.989816556529796,3000.911493439409,3020.8723400363424,3040.886706027347,15.0,15.000000000000002
65.0,650,5,9.878168072024186,39.975212613803485,19.989815589669394,2985.6114934401394,3005.5723400503202,3025.586706027921,15.0,15.000000000000002
66.0,660,5,9.878165487596663,39.97521260534758,19.98981479476796,2970.3114934407527,2990.2723400618115,3010.286706028288,15.0,15.000000000000002
67.0,670,5,9.878163341138798,39.97521259925488,19.989814141530047,2955.011493441264,2974.9723400712564,2994.986706028515,15.0,15.000000000000002
68.0,680,5,9.878161559522995,39.97521259490224,19.989813604957085,2939.71149344169,2959.6723400790192,2979.6867060286495,15.0,15.000000000000002
69.0,690,5,9.87816008169658,39.97521259182297,19.989813164426614,2924.4114934420422,2944.3723400853974,2964.3867060287266,15.0,15.000000000000002
70.0,700,5,9.878158856699576,39.97521258966899,19.989812802930537,2909.111493442333,2929.0723400906363,2949.0867060287674,15.0,15.000000000000002
71.0,710,5,9.878157842006367,39.97521258818137,19.989812506445315,2893.811493442571,2913.772340094939,2933.786706028787,15.0,15.000000000000002
72.0,720,5,9.878157002144675,39.9752125871685,19.989812263412208,2878.511493442767,2898.4723400984712,2918.486706028795,15.0,15.000000000000002
73.0,730,5,9.878156307533992,39.97521258649151,19.989812064307678,2863.211493442927,2883.172340101369,2903.186706028797,15.0,15.000000000000002
74.0,740,5,9.878155733520773,39.97521258604828,19.989811901287524,2847.911493443057,2867.8723401037473,2887.886706028797,15.0,15.0
75.0,750,5,9.878155259566455,39.9752125857668,19.98981176789371,2832.611493443162,2852.5723401056975,2872.586706028798,15.000000000000004,15.000000000000002
76.0,760,5,9.87815486856995,39.975212585594065,19.98981165881083,2817.3114934432465,2837.2723401072953,2857.2867060287995,15.0,15.0
77.0,770,5,9.878154546300188,39.97521258549332,19.98981156966653,2802.0114934433145,2821.972340108605,2841.9867060288025,15.0,15.000000000000002
78.0,780,5,9.87815428092122,39.97521258543821,19.98981149686522,2786.7114934433703,2806.6723401096774,2826.6867060288077,15.0,15.000000000000002
79.0,790,5,9.878154062597288,39.975212585412336,19.989811437452506,2771.4114934434137,2791.372340110555,2811.3867060288135,15.0,15.000000000000002
80.0,800,5,9.878153883159017,39.975212585403256,19.98981138900072,2756.111493443449,2776.0723401112728,2796.0867060288215,15.0,15.0
81.0,810,5,9.878153735827514,39.97521258540211,19.989811349516664,2740.8114934434775,2760.7723401118596,2780.7867060288286,15.0,15.000000000000002
82.0,820,5,9.878153614981388,39.975212585405636,19.989811317365533,2725.5114934435005,2745.47234011234,2765.4867060288375,15.0,15.000000000000002
83.0,830,5,9.878153515962103,39.975212585409956,19.989811291205836,2710.2114934435185,2730.172340112731,2750.1867060288464,15.0,15.000000000000002
84.0,840,5,9.878153434913822,39.97521258541417,19.989811269938464,2694.9114934435324,2714.872340113051,2734.8867060288544,15.0,15.000000000000004
85.0,850,5,9.878153368646522,39.97521258541721,19.989811252662754,2679.611493443544,2699.572340113312,2719.586706028863,15.0,15.000000000000002
86.0,860,5,9.878153314524548,39.97521258541814,19.98981123864141,2664.3114934435525,2684.2723401135245,2704.28670602887,15.0,15.000000000000002
87.0,870,5,9.878153270371861,39.975212585417324,19.98981122727137,2649.0114934435596,2668.972340113697,2688.986706028877,15.0,15.000000000000002
88.0,880,5,9.878153234393197,39.97521258541573,19.989811218060137,2633.711493443565,2653.672340113838,2673.6867060288846,15.0,15.000000000000002
89.0,890,5,9.87815320510966,39.97521258541255,19.989811210604188,2618.411493443569,2638.3723401139523,2658.3867060288903,15.0,15.000000000000002
90.0,900,5,9.878153181302741,39.97521258540821,19.989811204574682,2603.1114934435727,2623.072340114045,2643.0867060288956,15.000000000000004,15.000000000000002
91.0,910,5,9.878153161972037,39.97521258540332,19.989811199703727,2587.8114934435753,2607.7723401141207,2627.7867060289004,15.0,15.000000000000002
92.0,920,5,9.8781531462945,39.97521258539802,19.98981119577252,2572.5114934435774,2592.472340114182,2612.4867060289043,15.0,15.000000000000002
93.0,930,5,9.878153133596062,39.97521258539362,19.98981119260342,2557.211493443579,2577.172340114232,2597.1867060289087,15.0,15.000000000000002
94.0,940,5,9.878153123323031,39.975212585388654,19.98981119005084,2541.9114934435797,2561.872340114272,2581.886706028912,15.0,15.0
95.0,950,5,9.878153115023162,39.97521258538361,19.98981118799704,2526.611493443581,2546.5723401143046,2566.5867060289147,15.0,15.000000000000002
96.0,960,5,9.878153108326618,39.9752125853786,19.98981118634648,2511.311493443582,2531.2723401143307,2551.286706028917,14.999999999999996,15.000000000000002
97.0,970,5,9.878153102930213,39.9752125853746,19.989811185021736,2496.0114934435824,2515.972340114352,2535.986706028919,15.0,15.000000000000002
98.0,980,5,9.87815309858698,39.97521258537074,19.989811183959414,2480.7114934435826,2500.672340114369,2520.6867060289205,15.0,15.000000000000002
99.0,990,5,9.878153095096245,39.97521258536665,19.9898111831084,2465.411493443583,2485.3723401143825,2505.386706028922,15.0,15.000000000000002
100.0,1000,5,9.878153092294639,39.97521258536315,19.989811182427623,2450.1114934435836,2470.0723401143937,2490.086706028923,15.0,15.000000000000002
101.0,1010,5,9.878153090049691,39.975212585360424,19.989811181883926,2434.811493443584,2454.772340114402,2474.786706028924,15.0,15.000000000000002
102.0,1020,5,9.87815308825296,39.975212585358236,19.989811181450136,2419.511493443584,2439.47234011441,2459.4867060289257,15.0,15.000000000000002
103.0,1030,5,9.878153086817164,39.97521258535622,19.989811181104418,2404.2114934435845,2424.172340114416,2444.1867060289264,15.0,15.000000000000002
104.0,1040,5,9.87815308567119,39.97521258535483,19.989811180829403,2388.9114934435843,2408.8723401144202,2428.886706028927,15.0,15.000000000000002
105.0,1050,5,9.878153084758404,39.97521258535327,19.989811180610648,2373.611493443584,2393.572340114424,2413.586706028928,15.0,15.000000000000002
106.0,1060,5,9.878153084031299,39.97521258535188,19.989811180436938,2358.311493443585,2378.2723401144276,2398.286706028928,15.0,15.000000000000002
107.0,1070,5,9.878153083453459,39.97521258535097,19.989811180299345,2343.0114934435846,2362.9723401144292,2382.9867060289284,15.0,15.000000000000002
108.0,1080,5,9.87815308299527,39.97521258534977,19.98981118019028,2327.711493443585,2347.672340114431,2367.686706028929,15.0,15.000000000000002
109.0,1090,5,9.878153082632132,39.975212585349006,19.989811180104066,2312.4114934435847,2332.372340114433,2352.3867060289294,15.0,15.000000000000002
110.0,1100,5,9.878153082345097,39.97521258534813,19.98981118003598,2297.1114934435855,2317.072340114434,2337.0867060289297,15.0,15.000000000000002
111.0,1110,5,9.878153082118796,39.97521258534723,19.989811179982265,2281.8114934435857,2301.772340114435,2321.786706028929,15.0,15.000000000000002
112.0,1120,5,9.878153081940038,39.97521258534674,19.98981117994008,2266.5114934435856,2286.4723401144356,2306.48670602893,15.0,15.000000000000002
113.0,1130,5,9.878153081799232,39.975212585346185,19.989811179906933,2251.2114934435854,2271.1723401144363,2291.1867060289296,15.0,15.000000000000002
114.0,1140,5,9.878153081689169,39.97521258534609,19.989811179880977,2235.911493443585,2255.8723401144366,2275.88670602893,15.0,15.000000000000002
115.0,1150,5,9.878153081602207,39.975212585345936,19.989811179860673,2220.611493443585,2240.572340114437,2260.58670602893,15.0,15.000000000000002
116.0,1160,5,9.878153081534476,39.97521258534574,19.989811179844686,2205.3114934435853,2225.272340114437,2245.2867060289304,15.0,15.000000000000002
117.0,1170,5,9.878153081481361,39.97521258534594,19.989811179832365,2190.011493443585,2209.9723401144374,2229.9867060289303,15.0,15.000000000000002
118.0,1180,5,9.87815308143992,39.9752125853457,19.989811179822624,2174.7114934435845,2194.672340114438,2214.6867060289296,15.0,15.000000000000002
119.0,1190,5,9.878153081407289,39.975212585345275,19.989811179814886,2159.411493443585,2179.372340114438,2199.38670602893,15.0,15.000000000000002
120.0,1200,5,9.878153081382088,39.97521258534534,19.989811179809003,2144.1114934435855,2164.072340114438,2184.0867060289297,15.0,15.000000000000002
121.0,1210,5,9.878153081362461,39.9752125853451,19.989811179804317,2128.811493443585,2148.7723401144385,2168.78670602893,15.0,15.000000000000002
122.0,1220,5,9.878153081347266,39.97521258534526,19.989811179800817,2113.5114934435846,2133.472340114438,2153.48670602893,15.0,15.000000000000002
123.0,1230,5,9.878153081335913,39.97521258534508,19.98981117979809,2098.2114934435854,2118.172340114438,2138.18670602893,15.0,15.000000000000002
124.0,1240,5,9.878153081326781,39.975212585344856,19.98981117979591,2082.9114934435847,2102.872340114438,2122.8867060289294,15.0,15.0
125.0,1250,5,9.87815308132012,39.975212585345076,19.98981117979445,2067.611493443585,2087.572340114438,2107.5867060289297,15.0,15.000000000000002
126.0,1260,5,9.878153081314991,39.975212585345304,19.9898111797933,2052.311493443585,2072.2723401144385,2092.2867060289304,15.0,15.000000000000002
127.0,1270,5,9.878153081311096,39.97521258534511,19.98981117979223,2037.0114934435849,2056.972340114438,2076.98670602893,15.0,15.000000000000002
128.0,1280,5,9.878153081307799,39.97521258534459,19.989811179791303,2021.7114934435851,2041.6723401144384,2061.6867060289296,15.0,15.000000000000002
129.0,1290,5,9.878153081305525,39.97521258534466,19.989811179790827,2006.4114934435854,2026.3723401144384,2046.38670602893,15.0,15.0
130.0,1300,5,9.878153081303862,39.97521258534474,19.98981117979048,1991.1114934435852,2011.0723401144382,2031.08670602893,15.0,15.0
131.0,1310,5,9.878153081302477,39.97521258534498,19.98981117979026,1975.8114934435853,1995.7723401144383,2015.7867060289302,15.0,15.000000000000002
132.0,1320,5,9.878153081301221,39.975212585345254,19.989811179790042,1960.511493443585,1980.4723401144388,2000.4867060289305,15.0,15.000000000000002
133.0,1330,5,9.878153081300766,39.9752125853451,19.989811179789804,1945.2114934435854,1965.1723401144384,1985.1867060289303,15.0,15.000000000000002
134.0,1340,5,9.878153081299889,39.97521258534505,19.989811179789605,1929.9114934435854,1949.8723401144384,1969.8867060289303,15.0,15.000000000000002
135.0,1350,5,9.878153081298526,39.975212585345346,19.989811179789434,1914.6114934435848,1934.5723401144382,1954.5867060289304,15.0,15.000000000000002
136.0,1360,5,9.526821085014742,39.97521258534555,20.242921403430987,1899.3114934435846,1919.6459407898406,1939.2867060289302,14.788665012925454,15.000000000000002
137.0,1370,5,8.947707715008114,39.97521258534514,22.416119579097657,1884.0114934435849,1905.5062806346964,1923.9867060289303,15.0,15.000000000000002
138.0,1380,5,8.564721581348511,45.019130143734934,28.497500527262037,1868.711493443585,1892.6987244956713,1908.6867060289294,15.0,15.000000000000002
139.0,1390,5,8.086252929854307,60.60312920276241,37.76214615948122,1853.411493443585,1881.352698243547,1902.3608441472386,15.0,15.000000000000002
140.0,1400,5,7.743296184372893,79.48861295492279,48.911825239246205,1838.111493443585,1871.1586653873812,1899.6492628474691,15.0,15.000000000000002
141.0,1410,5,7.644433304106764,100.22287164431539,61.1312539259612,1822.8114934435846,1861.761310422881,1899.0532423344082,15.0,15.000000000000002
142.0,1420,5,7.720845156296199,121.97474799056702,73.97037079891811,1807.5114934435842,1852.8885446263346,1899.856525714642,15.0,15.000000000000002
143.0,1430,5,7.844483271831389,144.28073824654504,87.17374034966514,1792.2114934435842,1844.3592205973498,1901.5414888199368,15.0,15.0
144.0,1440,5,7.92828342199219,166.8868684938657,100.59392618654002,1776.9114934435843,1836.0589510050036,1903.7788411756608,15.0,15.000000000000002
145.0,1450,5,7.951257965424895,189.65982679801252,114.1465076144934,1761.6114934435839,1827.916917619438,1906.3813651171915,15.0,15.000000000000002
146.0,1460,5,7.934986726791267,212.53272213981518,127.78347751348062,1746.311493443583,1819.8895816144773,1909.2510547023967,15.0,15.000000000000002
147.0,1470,5,7.909652601494685,235.47061902958322,141.47644474618988,1731.011493443583,1811.9499614128836,1912.3353928309944,15.0,15.000000000000002
148.0,1480,5,7.893934646127926,258.45123154754583,155.2067879212143,1715.7114934435829,1804.080763858238,1915.6003175392295,15.0,15.000000000000002
149.0,1490,5,7.891087755865937,281.45771441269045,168.96140155921213,1700.4114934435831,1796.270971727202,1919.0198497647632,15.0,15.000000000000002
150.0,1500,5,7.895363078233468,304.4766249830931,182.73069965302363,1685.111493443583,1788.5133892282763,1922.5731644745454,15.0,15.000000000000002
151.0,1510,5,7.900155078389474,327.497854363715,196.5076797622425,1669.8114934435832,1780.8030131251871,1926.244523425731,15.0,15.000000000000002
152.0,1520,5,7.9022578401795895,350.51425470191725,210.2871849215681,1654.5114934435833,1773.1359767178176,1930.0227047210537,15.0,15.000000000000002
153.0,1530,5,7.901814676274829,373.52039891207284,224.06506959894259,1639.2114934435829,1765.5088149501203,1933.89912513686,15.0,15.000000000000002
154.0,1540,5,7.900252583806827,396.51091227191995,237.83732466905968,1623.9114934435831,1757.9178748130248,1937.8653516694915,15.0,15.000000000000002
155.0,1550,5,7.8984905942646755,419.47886837230004,251.5992416825457,1608.611493443582,1750.358725963135,1941.9107571508662,15.0,15.000000000000002
156.0,1560,5,7.896305302647887,442.4142585571132,265.3445351938486,1593.3114934435805,1742.8254125862193,1946.0203459680922,15.0,15.000000000000002
157.0,1570,5,7.892439873401483,465.30197101760507,279.0641232941592,1578.0114934435826,1735.309309553172,1950.1719506323957,15.0,15.000000000000002
158.0,1580,5,7.88451605287454,488.1181483126137,292.7439861252496,1562.7114934435813,1727.797143560811,1954.3312430190276,15.0,15.000000000000002
159.0,1590,5,7.867703751755599,510.82277431776964,306.36094578833365,1547.4114934435795,1720.2672498327552,1958.4417296027207,15.0,15.000000000000002
160.0,1600,5,7.830277196076624,533.3435107677245,319.8736657266657,1532.1114934435782,1712.6819251398178,1962.4034604518554,15.0,15.000000000000002
161.0,1610,5,7.747344080530745,555.5339908237066,333.2012715863965,1516.811493443577,1704.972142118014,1966.030219799805,15.0,15.000000000000002
162.0,1620,5,7.551406788606034,577.123382316297,346.19318978117565,1501.5114934435765,1697.0167093211244,1968.9849613951317,15.0,15.000000000000002
163.0,1630,5,7.0786276740009155,597.6084476753412,358.5787160727744,1486.211493443576,1688.6059922578413,1970.658269293843,15.0,15.000000000000002
164.0,1640,5,6.308538966270886,616.4528440367444,370.05677987437883,1470.9114934435759,1679.5191525749487,1970.4751768806777,15.000000000000004,15.000000000000004
165.0,1650,5,5.897413662456602,634.236262338623,380.8586083004001,1455.611493443576,1669.9186622574023,1969.1826543018528,15.0,15.000000000000004
166.0,1660,5,6.2374275111905675,652.3072919548039,391.6857434825225,1440.311493443576,1660.320628537526,1968.30693462516,15.0,15.000000000000002
167.0,1670,5,6.9254557081470685,671.2424290250095,402.9611072400711,1425.0114934435758,1651.0821800476474,1968.5160725093783,15.0,15.000000000000002
168.0,1680,5,7.453961968913563,691.0119441425055,414.7624851405802,1409.7114934435758,1642.3183269894664,1969.8208009847074,15.0,15.000000000000002
169.0,1690,5,7.672878088131146,711.5031524198641,427.0394956939361,1394.4114934435759,1634.0206674029318,1972.1287374769456,15.0,15.000000000000002
170.0,1700,5,7.719998113754214,732.6426239947717,439.7223587630668,1379.1114934435757,1626.136298820187,1975.382674195334,15.0,15.000000000000002
171.0,1710,5,7.743063754000136,754.3486844440988,452.7418096063484,1363.8114934435757,1618.6037283098315,1979.503820606222,15.0,15.000000000000002
172.0,1720,5,7.785427410782393,776.5180095026718,466.031937859664,1348.5114934435755,1611.366894930814,1984.3731445325827,15.0,15.000000000000002
173.0,1730,5,7.829394562023434,799.050760587722,479.5360108463722,1333.2114934435754,1604.37889159708,1989.864850850615,15.0,15.000000000000002
174.0,1740,5,7.857753435854224,821.8696367170494,493.210192775623,1317.9114934435754,1597.6016472655406,1995.875840727169,15.0,15.000000000000002
175.0,1750,5,7.871328702284647,844.9201246558678,507.02230033457806,1302.6114934435752,1591.0044737228884,2002.3300043648405,15.0,15.000000000000002
176.0,1760,5,7.878414374424854,868.162380556726,520.9482375835271,1287.311493443575,1584.5625718899705,2009.169272775575,15.0,15.000000000000002
177.0,1770,5,7.884241080312277,891.5647516824611,534.9690588814822,1272.0114934435749,1578.255785106106,2016.3456658806767,15.000000000000004,15.000000000000002
178.0,1780,5,7.889515884887691,915.1011610825276,549.0694563756374,1256.711493443575,1572.0676193806814,2023.8182844323821,15.0,15.000000000000002
179.0,1790,5,7.893431025601812,938.7504027044716,563.237074112087,1241.4114934435747,1565.984486416051,2031.552823548222,15.0,15.0
180.0,1800,5,7.895801984949477,962.4955427162765,577.4620022254397,1226.1114934435745,1559.9951193511786,2039.5210608857578,15.0,15.000000000000002
181.0,1810,5,7.897162737452487,986.3230251109316,591.7362553032017,1210.8114934435746,1554.0901196257114,2047.6997515080868,15.0,15.000000000000002
182.0,1820,5,7.898083614668848,1010.2217956660844,606.0533078746861,1195.5114934435744,1548.2616029782225,2056.069442102403,15.0,15.000000000000002
183.0,1830,5,7.898811011834716,1034.1826929335364,620.4077597873993,1180.2114934435742,1542.5029208013007,2064.613623910921,15.0,15.000000000000002
184.0,1840,5,7.8993590565951575,1058.1978541637968,634.7950084728553,1164.9118092052893,1536.808502538375,2073.318225149146,15.0,15.000000000000002
185.0,1850,5,7.899878247740707,1082.2488459904162,649.2047139548887,1149.6215148632575,1531.1737676353864,2082.167504522747,14.980802085596036,15.000000000000002
186.0,1860,5,7.900649766394405,1106.2050783743969,663.5579708470648,1134.3455345873092,1525.5608740038967,2091.065097485614,14.864144662909828,15.000000000000002
187.0,1870,5,7.900915682033723,1129.8619460732523,677.73171015505,1119.0833046575642,1519.9078982194644,2099.8558454620784,14.664517685879407,15.000000000000002
188.0,1880,5,7.900722837189193,1153.063129444681,691.6318041581869,1103.8342835546875,1514.164599393493,2108.414324956416,14.40432819144577,15.000000000000002
189.0,1890,5,7.900713530790413,1175.696977920481,705.191071682664,1088.597951085589,1508.2922475139053,2116.6441364868124,14.103171435580384,15.000000000000002
190.0,1900,5,7.901184414554138,1197.6912167871901,718.3661820773865,1073.373807543541,1502.2624354517345,2124.474507492164,13.77839308367488,15.000000000000002
191.0,1910,5,7.901433576900609,1219.0042880474214,731.1320697324188,1058.1613729013832,1496.0555154743365,2131.8564909995616,13.441119722655568,15.000000000000002
192.0,1920,5,7.901350373535486,1239.617243731558,743.4773566274497,1042.9601860364958,1489.65900595363,2138.759186029167,13.100053647216631,15.000000000000002
193.0,1930,5,7.901204416175719,1259.5290692121032,755.4014928545757,1027.7698039862987,1483.066333947608,2145.1665496543546,12.762045077432699,15.000000000000002
194.0,1940,5,7.901170775682422,1278.7526196576014,766.9123175924593,1012.5898012330659,1476.275727706819,2151.0744534417368,12.432378892552366,15.000000000000002
195.0,1950,5,7.901217210475193,1297.3112622205888,778.024029559876,997.4197690169105,1469.2892470384518,2156.488227582198,12.115026286504172,15.000000000000002
196.0,1960,5,7.901253604394423,1315.236138671605,788.7555121957672,982.2593146758207,1462.1119425977881,2161.420635345963,11.81286439088073,15.000000000000002
197.0,1970,5,7.901251012271169,1332.5638871973154,799.1289432817903,967.1080610116941,1454.7511343795775,2165.890127223015,11.527866911566816,15.000000000000002
198.0,1980,5,7.901234227908002,1349.3347307603053,809.1686421208548,951.9656456813295,1447.2157991450526,2169.919308848059,11.261268727408524,15.000000000000002
199.0,1990,5,7.901227378095382,1365.590905618282,818.9001285144175,936.8317206114114,1439.5160562756398,2173.5336332278284,11.013707244746135,15.000000000000002
200.0,2000,5,7.901231304419964,1381.3754088084258,828.3493710430819,921.7059514365269,1431.662741574087,2176.7603265762323,10.78534311492113,15.000000000000002
201.0,2010,5,7.901236093681625,1396.7309723650214,837.5412401546389,906.5880798671225,1423.6682741631782,2179.6275238074113,10.575962723238353,15.000000000000002
202.0,2020,5,7.901236686166996,1411.6991610958648,846.4990538874475,891.4781131529451,1415.5463004638775,2182.1635751467015,10.38506465527075,15.000000000000002
203.0,2030,5,7.809248663090469,1426.319988570889,855.2469427496696,876.3760830748979,1407.3080575466872,2184.396493756931,10.21193214666945,15.000000000000002
204.0,2040,5,7.6613652878864,1440.6315328663268,863.8079558530205,861.2820057351588,1398.9643500055247,2186.3535260075864,10.055693329927582,15.000000000000002
205.0,2050,5,7.522013528752256,1454.6696473973225,872.2037910084707,846.1958865952267,1390.5255489315657,2188.060829675044,9.915370908223846,15.000000000000002
206.0,2060,5,7.390701183826452,1468.0268719551707,880.188812121077,831.1177212887876,1381.8553284863174,2189.1781299241734,9.345426911439485,15.000000000000002
207.0,2070,5,7.266964447115468,1480.325495819719,887.535366137038,816.0474963836127,1372.825106456905,2189.3844890162936,9.066205639149867,15.000000000000002
208.0,2080,5,7.150366270301275,1492.0677282211957,894.5463974473953,800.9851900955006,1363.598361570443,2189.0884890934703,9.238304445769117,15.000000000000002
209.0,2090,5,7.040494819040521,1503.7913508892175,901.5462330028165,785.9307729571277,1354.3533638293352,2188.735656241731,9.140968643392096,15.000000000000002
210.0,2100,5,6.93696201834083,1515.815552570076,908.7273375382613,770.884208444472,1345.1978096581606,2188.5952321730665,9.030855585182524,15.000000000000002
211.0,2110,5,6.8394021818436554,1528.0901527427625,916.0594647425866,755.8454535633495,1336.1159654782546,2188.62814118849,9.056043277167845,15.000000000000002
212.0,2120,5,6.747470720192963,1540.5658865387404,923.5129226438155,740.8144593984331,1327.092161671353,2188.7954629396913,9.12231190672642,15.000000000000002
213.0,2130,5,6.660842923908548,1553.2015541444346,931.0628837051676,725.7911716270029,1318.1132347350333,2189.0645327040675,9.171806307073021,15.000000000000002
214.0,2140,5,6.579212816499402,1565.9629248803676,938.6887236779223,710.7755309995179,1309.1681998315114,2189.4081234523665,9.2073247705564,15.000000000000002
215.0,2150,5,6.502292073716622,1578.8217651288883,946.3734350989998,695.7674737890216,1300.2479589523398,2189.803716925115,9.231326249201633,15.000000000000002
216.0,2160,5,6.4295436340750545,1591.7547563190185,954.1030101954682,680.7672004970583,1291.3450957176874,2190.232855669791,9.2448164369792,15.000000000000002
217.0,2170,5,6.326319296056106,1604.714057451821,961.8532794178029,665.8095895333067,1282.4606384041012,2190.680568626299,9.23529427876694,15.000000000000002
218.0,2180,5,6.136087025108983,1617.6357735793797,969.593504763396,650.9527166128481,1273.6017099244941,2191.134863451088,9.215578968007861,15.000000000000002
219.0,2190,5,5.875950848743026,1630.5205869161268,977.3219636416843,636.180681988063,1264.761583670828,2191.5862793114784,9.199815939581882,15.000000000000002
220.0,2200,5,5.59789553947167,1643.402295384882,985.0520014140257,621.4415733600554,1255.9269604715203,2192.0274943508143,9.190930918957168,15.000000000000002
221.0,2210,5,5.342935492773929,1653.9184486681609,991.3590434494274,606.6937867428643,1246.1649506777376,2190.146440385074,10.896917577600167,15.000000000000002
222.0,2220,5,5.174050265703745,1658.6003574680421,994.1492833280003,591.9286068845565,1234.1410316164881,2182.582644475808,13.268696690506449,15.000000000000002
223.0,2230,5,5.155218098437525,1657.595356771478,993.4989416130884,577.1870789653768,1219.9511547356549,2169.5031280293247,14.87607908583529,15.000000000000004
224.0,2240,5,5.2145045487723305,1654.9783581777297,991.8656461578314,562.5280380175278,1205.1981950233028,2154.894012237111,14.830095102737266,15.000000000000002
225.0,2250,5,5.2631579416280045,1652.3478460324818,990.224326858619,547.9707464920664,1190.4954007360852,2140.3137779376602,14.80040732593234,15.000000000000002
226.0,2260,5,5.2711397913717,1649.72838933691,988.5960395978924,533.4827175997019,1175.821361757769,2125.7564055421503,14.79080589667737,15.000000000000002
227.0,2270,5,5.2558111738060145,1647.1651145460949,987.0065950176186,519.0090010928279,1161.155991110289,2111.2179451683087,14.797147722561675,15.000000000000002
228.0,2280,5,5.241901308849673,1644.693845211835,985.4744302860923,504.5068617144603,1146.4861250403312,2096.695855230906,14.811584307018686,15.000000000000002
229.0,2290,5,5.238926390649139,1642.327318453805,984.0058780920901,489.9612268496165,1131.807000764878,2082.18854021016,14.826467642789428,15.000000000000002
230.0,2300,5,5.242834222780283,1640.0587386881493,982.5972693937996,475.3799649458991,1117.120570617882,2067.6950354648484,14.836775244289623,15.000000000000002
231.0,2310,5,5.246782154487696,1637.8728364826736,981.2401243835964,460.7807337606936,1102.432312236928,2053.2147955424616,14.84079897469455,15.000000000000002
232.0,2320,5,5.247815751477079,1635.7553412791394,979.9259688771157,446.1799499176704,1087.7480958002784,2038.7475533855577,14.839501862494085,15.000000000000002
233.0,2330,5,5.246836233922582,1633.6974692923366,978.6491365476184,431.58767154258453,1073.0720933645325,2024.293227306439,14.83523564113843,15.000000000000002
234.0,2340,5,5.2457236040200454,1631.6963364520025,977.4075024233587,417.00721030933437,1058.4060238456752,2009.8518598095716,14.83046949318712,15.000000000000002
235.0,2350,5,5.245380245404036,1629.7533938377358,976.2018265467707,402.43698851138686,1043.749488539173,1995.4235775007403,14.826941105138445,15.000000000000002
236.0,2360,5,5.245620641188789,1627.8723756297495,975.0344797985001,387.87291100349967,1029.100887369918,1981.0085648938416,14.825354247759929,15.000000000000002
237.0,2370,5,5.2459320409266725,1626.0574535682813,973.9081529009703,373.310461913436,1014.4584028916017,1966.607047349861,14.825523600660492,15.000000000000002
238.0,2380,5,5.246042563972557,1624.3119038806253,972.8249244503431,358.74619085915225,999.8207039705034,1952.2192800059393,14.826757455668163,15.000000000000004
239.0,2390,5,5.24598516195733,1622.6374486314394,971.785842646954,344.1784224419752,985.1872395210555,1937.8455406305309,14.8282671153015,15.000000000000002
240.0,2400,5,5.2458986090252395,1621.0342780794808,970.7909799393834,329.6071990869463,970.5581740146587,1923.4861250522324,14.829459611551005,15.000000000000002
241.0,2410,5,5.245863865024238,1619.501563378127,969.8397860057463,315.03368468137086,955.934115057501,1909.1413442775558,14.83006043037538,15.000000000000002
242.0,2420,5,5.2458770636005125,1618.0381433221764,968.931522141925,300.4593888477818,941.3157969911057,1894.8115227193641,14.83008776370453,15.000000000000002
243.0,2430,5,5.245900953212421,1616.6430903933892,968.0656038171844,285.88553892731437,926.7038395605517,1880.4969971580454,14.829740499956324,15.000000000000002
244.0,2440,5,5.245911673492489,1615.3159072136489,967.2417734507522,271.3128686352175,912.0993494667639,1866.1981161884137,14.828947966085945,15.000000000000002
245.0,2450,5,5.245908804815,1614.052164167644,966.4578069914578,256.7463918083373,897.5106419456919,1851.9152399907605,14.823883393157995,15.000000000000002
246.0,2460,5,5.245902258090127,1612.838651866695,965.7056144753451,242.20062283820624,882.9452594659218,1837.6487403203491,14.81223355130408,15.000000000000002
247.0,2470,5,5.245899000474273,1611.6609058850586,964.976215209899,227.69126944800902,868.4095898140289,1823.399000646165,14.794967878479776,15.000000000000002
248.0,2480,5,5.245899567568621,1610.508496910764,964.2631598983987,213.2294901897951,853.9082954191053,1809.1664163936914,14.774510809557617,15.000000000000002
249.0,2490,5,5.245901348317634,1609.3768455578552,963.5636290527867,198.8200015245991,839.4435017464384,1794.9513952622297,14.753401396130268,15.000000000000002
250.0,2500,5,5.24590232553527,1608.2664604393522,962.8779419580105,184.46198919564873,825.0151172643609,1780.754357597635,14.733430126336064,15.000000000000002
251.0,2510,5,5.245902233693772,1607.1807848298033,962.208253494148,170.15149685693393,810.6222878429087,1766.575736808203,14.706589104779848,14.999999999999998
252.0,2520,5,5.051718594219651,1606.1047842387948,961.5483260617997,155.90442377842533,796.3156049790721,1752.4159798159715,14.564145381089634,15.000000000000002
253.0,2530,5,4.98528002018583,1604.910588415066,960.8241249560858,141.85719217597395,782.2219073312735,1738.275547538702,14.301911670857981,15.000000000000002
254.0,2540,5,5.150403544723142,1603.3740308643107,959.8981303825861,128.24764717481375,768.4451366427727,1724.1549153998033,13.951018175692102,15.000000000000002
255.0,2550,5,5.245901598706825,1601.2944592669667,958.6465498802976,115.28642588938165,755.0608338536906,1710.054573864788,13.537275428575947,15.000000000000002
256.0,2560,5,5.245901683849432,1598.557745213084,956.9998656712935,103.09051701415582,742.1210918739092,1695.9750290037446,13.081895018767053,15.000000000000002
257.0,2570,5,5.245901687193671,1595.122565719899,954.9339443252214,91.69896518785609,729.6588272235299,1681.916803079882,12.602132140124287,15.000000000000002
258.0,2580,5,5.235451010916548,1590.9797142633658,952.4441001840717,81.11678575872298,717.6914457486828,1667.880435164632,12.111855903885878,15.000000000000002
259.0,2590,5,5.22597709013143,1586.1264380249563,949.5289556963659,71.34240235432293,706.2239716894751,1653.8664817800543,11.622053318917306,14.999999999999998
260.0,2600,5,5.2367224412467595,1580.563174773102,946.1886010151723,62.371134164621715,695.2517035339266,1639.8755175695037,11.141272708568481,15.000000000000002
261.0,2610,5,5.2459016348600755,1574.29965618521,942.4286307445991,54.18878816315364,684.7624544206035,1625.9081359976524,10.676012127093378,15.0
262.0,2620,5,5.245901642015266,1567.3582235992276,938.26233583963,46.76824301796006,674.7384294155121,1611.9649500810908,10.231058079729408,15.0
263.0,2630,5,5.245901643090567,1559.7715693745965,933.7093338010251,40.07190319754396,665.157786829978,1598.0465931508243,9.809779555231565,15.000000000000002
264.0,2640,5,5.24547601295803,1551.578165988096,928.792736124394,34.05654066408907,655.9959258952474,1584.1537196480583,9.414382061187325,15.0
265.0,2650,5,5.244421973771717,1542.8187761335143,923.5370008780232,28.67695693974773,647.2265385840557,1570.2870059547595,9.046126021552368,14.999999999999998
266.0,2660,5,5.245070162616715,1533.5349351844673,917.9670228994661,23.8875539516683,638.8224591773445,1556.4471512605403,8.70551356113713,15.000000000000004
267.0,2670,5,5.245901638900895,1523.768529235905,912.1079025627523,19.64275214050931,630.7563413159802,1542.6348784674979,8.392447369998782,15.0
268.0,2680,5,5.245901639483968,1513.5614560711758,905.9847566231532,15.897321882482725,623.0011887470561,1528.8509351346995,8.106365017064878,15.000000000000002
269.0,2690,5,5.24590163962987,1502.9550246063075,899.6223585324075,12.606986815797935,615.5307627620151,1515.096094464086,7.846351770748413,15.0
270.0,2700,5,5.245899803303445,1491.9892676489371,893.0447207719515,9.729114918016386,608.3198864157364,1501.3711563296315,7.611234687646286,15.000000000000002
271.0,2710,5,5.245795228826066,1480.7024150537002,886.2747748979893,7.2232405094075345,601.3446629960638,1487.676948351667,7.399660450588949,14.999999999999998
272.0,2720,5,5.245829545451245,1469.1306037766697,879.3341970718911,5.05133956765265,594.5826238644175,1474.0143270183444,7.210159175546524,15.0
273.0,2730,5,5.245897745102467,1457.307755714312,872.2433358735452,3.177931859027408,588.0128186917763,1460.3841788563025,7.041196163825077,15.000000000000002
274.0,2740,5,5.245901639350395,1445.2655295846998,865.0211842657518,1.5701079082087055,581.6158592515678,1446.7874216526325,6.891213351765491,15.0
275.0,2750,5,5.245901639365605,1433.033300522501,857.6853673651707,0.1975289155385951,575.3739262831683,1433.2250057303506,6.758662004578419,15.0
276.0,2760,5,5.245901639356343,1420.6381658096,850.2521454673104,0.9675987981845542,569.6577870075537,1419.6979152796073,6.642028013520137,15.000000000000002
277.0,2770,5,5.245894272056356,1408.1049870246354,842.7364389740038,1.9505854106351765,564.0717876139589,1406.2071697469648,6.53985098563204,15.000000000000002
278.0,2780,5,5.245895605347327,1395.4564691741614,835.1518757189,2.471545885582014,558.5327594523671,1392.7538252850984,6.450738161875124,15.000000000000002
279.0,2790,5,5.245900655665799,1382.7132667838714,827.5108545920799,1.7863280439240254,553.037011246907,1379.3389762653653,6.373374061729722,15.000000000000002
280.0,2800,5,5.245901639344098,1369.8941048528018,819.8246180872096,1.2211220517204378,547.581292732667,1365.963756855687,6.306526629176818,15.000000000000002
281.0,2810,5,5.24590163934514,1357.0159065682228,812.1033288668297,0.7593670352533737,542.162767363624,1352.6293426662821,6.24905054537464,15.000000000000002
282.0,2820,5,5.2459016393457905,1344.09392406853,804.356148136814,0.3863369091769705,536.7789835732926,1339.3369524657842,6.1998882762319365,15.000000000000002
283.0,2830,5,5.245901153457095,1331.1418704927348,796.5913148019974,0.08899546575068633,531.4278459136489,1326.0878499702987,6.158069337410137,15.0
284.0,2840,5,5.245901149579338,1318.172051569185,788.8162243655842,0.1441467385353965,526.1652456544122,1312.8833457079747,6.122708184042753,15.0
285.0,2850,5,5.2459015115933045,1305.195494641668,781.0375063066738,0.32317162097885394,520.9460089928727,1299.7247989616421,6.093001066665356,15.0
286.0,2860,5,5.245901639356692,1292.2220731793236,773.2610987560172,0.45688701846372454,515.7368698671701,1286.613619792048,6.068222137576796,15.0
287.0,2870,5,5.2459016393781335,1279.260625402328,765.4923196453517,0.5529530241511028,510.5399523114438,1273.5512711441625,6.047719042233263,15.000000000000002
288.0,2880,5,5.245901639429712,1266.319066268334,757.7359338770842,0.6180005279830783,505.357196838402,1260.5392710389578,6.030908187522374,15.000000000000002
289.0,2890,5,5.245901609643504,1253.404492460185,749.9962162989913,0.657741673337382,500.1903834036155,1247.5791948529532,6.017269842324245,15.000000000000002
290.0,2900,5,5.245901601246595,1240.5232802077169,742.2771918161404,0.6770721355468262,495.041350412841,1234.672677687677,6.006343198408649,15.000000000000002
291.0,2910,5,5.2459016270429455,1227.6914983542845,734.5897623492663,0.680165236454432,489.9171126612485,1221.8317441533056,6.002278628114815,15.0
292.0,2920,5,5.245901642826624,1214.9288183782187,726.9443218400289,0.670558017561368,484.8233358221479,1209.0726341298812,6.008952972818898,15.000000000000002
293.0,2930,5,5.245901648159131,1202.2398402395302,719.3435959811447,0.6512295119674806,479.7612460974675,1196.3970459941286,6.01399283773338,15.0
294.0,2940,5,5.245901661649251,1189.6284673462733,711.7899436533519,0.6246715582265829,474.7319368900292,1183.8064516203983,6.0176707364214375,15.000000000000002
295.0,2950,5,5.245901694136466,1177.0982438767753,704.2855086606803,0.5929525729952173,469.73643726586124,1171.3023733747784,6.020223028355239,15.000000000000002
296.0,2960,5,5.245901779182962,1164.6524107616103,696.8322532372067,0.5577747542634883,464.7757240283554,1158.8863857078181,6.021853784125017,15.0
297.0,2970,5,5.245901999352935,1152.2939560178486,689.4319881461256,0.5205252574918571,459.85073259741046,1146.5601167720195,6.022738491032991,15.0
298.0,2980,5,5.245902553639374,1140.0256598282997,682.0863996160276,0.48232204680807644,454.9623668299514,1134.3252500608435,6.023027721917819,15.0
299.0,2990,5,5.245903952792765,1127.8501347307922,674.7970733669644,0.44405555752016684,450.1115080027983,1122.1835260653752,6.022851173618678,15.000000000000002
300.0,3000,5,5.245907493079335,1115.7698612089337,667.5655976203443,0.4064285297584765,445.2991166707003,1110.136743944211,6.01881769663226,14.999999999999998
301.0,3010,5,5.245916450989801,1103.8296194939644,660.4319636003789,0.3699998517352226,440.5580941706242,1098.2291760870344,5.898923452477777,14.787821675806299
302.0,3020,5,5.081668976408506,1092.310307032104,653.5701936361262,0.3352481525073172,436.0074887559178,1086.741405109465,5.621280911159398,14.152927280433092
303.0,3030,5,4.737779282006121,1081.4788895555691,647.1322958076988,0.3026989030952052,431.7451400604815,1075.9401613871664,5.244067352463109,13.246056654930296
304.0,3040,5,4.344012567626921,1071.491278008106,641.2058962569361,0.273236105822911,427.8269412874537,1065.9811643035284,4.811339247906955,12.182408624982457
305.0,3050,5,3.9290206691431577,1062.4227063679516,635.8320113920042,0.24891436575288228,424.27866985288847,1056.939515848041,4.355745764751544,11.046370178165322
306.0,3060,5,3.513216810941785,1054.2914144148633,631.0188682078046,0.2349264516854213,421.10541457402513,1048.833416753008,3.9013432249503475,9.898346207997795
307.0,3070,5,3.110666047631901,1047.0766134478458,626.7524367202703,0.24306955522156487,418.2991130879359,1041.6422141944156,3.465706102083741,8.780250809279522
308.0,3080,5,2.7305991918131673,1040.7317999356092,623.0043895328665,0.2934134766915543,415.84397004405673,1035.319923508818,3.061548868772437,7.719896113690142
309.0,3090,5,2.378615734092963,1035.194199301037,619.7381554648134,0.4097617612904138,413.71921447278436,1029.8051941689032,2.6983533954744887,6.73447750965199
310.0,3100,5,2.057632172869918,1030.3907129971667,616.9137408147878,0.618811418145999,411.9014062207577,1025.0285226318867,2.3838816731132524,5.833321950540614
311.0,3110,5,1.7686234373772,1026.2402001785722,614.4919793323122,0.9572163000526219,410.3672302228316,1020.9173618137268,2.124279007726519,5.02003842382409
312.0,3120,5,1.5111972553467816,1022.6519145288601,612.4381417481371,1.4698340414701763,409.0935121466024,1017.3996437344297,1.9198913129643516,4.294186039403903
313.0,3130,5,1.2840345042774328,1019.5238348488291,610.7212407042155,2.1809275756360806,408.05159740755505,1014.4061197265839,1.7531753647053367,3.6525551271551593
314.0,3140,5,1.0852227571132513,1016.7566951354214,609.3012851071428,3.0313294739129497,407.1974991161004,1011.871830706167,1.5787431514019978,3.09013976971041
315.0,3150,5,0.9125052999592389,1014.2129014372318,608.0655537487279,3.75188997288956,406.4160604752826,1009.7369463349544,1.383197537764559,2.6008659301114547
316.0,3160,5,0.7634637568433388,1010.9979873444112,606.4031160734368,3.123929922635747,405.0384578033187,1007.9471538639631,1.7994459611775138,2.1781273958075094
317.0,3170,5,0.6356490004347258,1007.8018589336738,604.6564309927426,1.5865832438476495,403.4760058013992,1006.4537323459991,1.6515237881646212,1.8151718194135331
318.0,3180,5,0.18067598350947509,1005.3031035744175,603.236565969905,0.28272463278833637,402.22361446673216,1005.2134132295013,1.2105797461557108,1.5053708986416923
319.0,3190,5,0.43426518161987826,1004.7055310329084,602.6803779472327,0.22861706520792316,401.86845485295487,1004.1881019000268,0.7477872086255547,1.2424019441885115
320.0,3200,5,1.0002854256857308,1003.4823291504695,601.6846698253735,0.5128608276024447,401.1679222222536,1002.8517725546576,1.8460599326592892,5.676990257531883
321.0,3210,5,0.856417139656031,997.0976918802627,597.4082487025573,0.4740752644747602,398.12699773610746,996.62636792331,4.303285231433863,11.651558845500848
322.0,3220,5,0.4793166837827901,984.6385650595994,589.5679182492279,0.27927987391510806,392.71174411979075,984.4015016865226,6.13900460358131,15.0
323.0,3230,5,0.09301545592847202,969.1604016100083,580.2913425096718,0.07254043978311744,386.4757636814828,969.114043049909,6.100545842548378,14.999999999999998
324.0,3240,5,0.06344765658196937,953.881279249731,571.0958452330037,0.012940155783654851,380.3332671809143,953.8198404554095,6.048792265184629,15.0
325.0,3250,5,0.13574014019100067,938.6142659886725,561.9378930610529,0.06743116892777132,374.23944420364955,938.5225205574368,6.0098061630576165,15.000000000000002
326.0,3260,5,0.12909593364023414,923.298852965945,552.7537646376534,0.07042679223477386,368.11468899076726,923.2237597254004,6.014641656741647,14.999999999999998
327.0,3270,5,0.08291341136361163,907.9662177758032,543.558046845077,0.04749656521506712,361.97672985170504,907.9243327678438,6.019878909839773,14.999999999999998
328.0,3280,5,0.023983594703452012,892.6366626242209,534.3622476468875,0.015959955145946555,355.83871229831254,892.6245978194534,6.015742402931655,15.0
329.0,3290,5,0.0063609778233243795,877.3305754456184,525.1754262116535,0.001462336308119587,349.71078161025696,877.3247204410981,6.008522315274955,15.0
330.0,3300,5,0.017713090106071267,862.0370525592867,515.998982178251,0.008405877602536397,343.5950367729091,862.0247771826768,6.002356070673229,15.0
331.0,3310,5,0.01905243234469356,846.735969160199,506.819053568627,0.01022724326284021,337.4751180802038,846.7248034452506,6.001579693817169,15.0
332.0,3320,5,0.013395872935724936,831.4316890336374,497.6370968238645,0.007636309551437638,331.35281353405173,831.4248156037092,6.002765777284971,15.000000000000002
333.0,3330,5,0.005092150000683141,816.1273475049111,488.4548341579036,0.0031672478284431463,325.2301595018439,816.1248212339771,6.00241418617333,15.000000000000002
334.0,3340,5,0.0007840134967528851,800.8252280977188,479.27340542918694,0.0005330134264436525,319.10848394005524,800.8248238418878,6.0014402089310614,15.000000000000002
335.0,3350,5,0.0021933851570624012,785.5264958502217,470.09386684038583,0.0009655926537858328,312.9889985892105,785.5248250501846,6.000504643123444,15.000000000000002
336.0,3360,5,0.0027484912669010144,770.2265308273248,460.91398438584565,0.001447964166944687,306.8691419755754,770.2248256101692,6.000147526878406,15.000000000000002
337.0,3370,5,0.0021109062738652014,754.925971877352,451.7337416419693,0.001187201111101115,300.7488683264504,754.9248258697701,6.000372190856892,15.000000000000002
338.0,3380,5,0.000981563872194404,739.6253210987117,442.55340755298755,0.0005879651364575798,294.6284886938679,739.6248259901529,6.000362626868755,15.0
339.0,3390,5,4.2990853857330605e-05,724.3248466060256,433.37314603387284,9.82822242186389e-05,288.50819688158157,724.3248260459955,6.000236818333588,14.999999999999998
340.0,3400,5,0.00025195871268958984,709.0250303991437,424.19317427847864,9.540100176028627e-05,282.3882233191456,709.0248260719072,6.000098588824948,15.000000000000002
341.0,3410,5,0.0003864685238782591,693.725068569089,415.0132087328487,0.00019897446410229979,276.26826488251606,693.7248260839352,6.000018844988684,15.000000000000002
342.0,3420,5,0.000325821916802653,678.4250047668603,405.83318427886474,0.00018075865016904582,270.1482360796527,678.4248260895205,6.000047970393596,15.0
343.0,3430,5,0.00017817503781550174,663.1249143298568,396.6531393668489,0.00010414269853852316,264.02818334059486,663.1248260921151,6.000053303773944,15.000000000000002
344.0,3440,5,3.1487119566844e-05,647.8248418324833,387.4731000880239,2.5715710969628124e-05,257.9081375644455,647.8248260933206,6.000038022352652,15.000000000000002
345.0,3450,5,2.5960143782389e-05,632.524850704796,378.2930946265407,6.251989086615561e-06,251.7881301258446,632.5248260938813,6.0000181071572625,15.000000000000002
346.0,3460,5,5.2724817809248393e-05,617.2248614636347,369.11310217006496,2.6341284893433684e-05,245.6681393053584,617.2248260941424,6.0000034696648274,15.0
347.0,3470,5,4.927388247423151e-05,601.9248546094725,359.9331000580171,2.694481353081567e-05,239.5481369960268,601.9248260942636,6.000005818164277,15.000000000000002
348.0,3480,5,3.099672677010596e-05,586.6248417486604,350.753093816336,1.7798816664487488e-05,233.42812991966758,586.6248260943204,6.0000076531469695,15.0
349.0,3490,5,8.546137972147256e-06,571.3248303907129,341.57308772672843,5.778482962718195e-06,227.30812300251114,571.3248260943469,6.000005972924403,15.000000000000002
350.0,3500,5,2.5261651016172655e-06,556.0248285185324,332.39308531486563,3.517857732939772e-07,221.1881201710542,556.024826094359,6.000003181472753,15.0
351.0,3510,5,6.92760904630263e-06,540.7248308529754,323.21308665101344,3.3158693340817842e-06,215.06812181291917,540.7248260943642,6.000000840465789,15.0
352.0,3520,5,7.296860087643137e-06,525.4248303497814,314.0330866283173,3.927439241366389e-06,208.94812178837105,525.4248260943668,6.000000640908668,15.000000000000002
353.0,3530,5,5.060592674362518e-06,510.12482867599914,304.853085855904,2.8909678111215464e-06,202.82812088093993,510.1248260943682,6.000001069744728,15.0
354.0,3540,5,1.8534756054479922e-06,494.8248270141275,295.67308498627665,1.1620216746136704e-06,196.70811986251024,494.8248260943693,6.000000918956523,15.000000000000002
355.0,3550,5,3.6134194107638223e-07,479.5248262800606,286.4930844623617,2.1663161583809385e-07,190.58811924836613,479.5248260943691,6.000000540204634,15.0
356.0,3560,5,8.659790698857417e-07,464.22482674616145,277.3130846462936,3.869718033846605e-07,184.46811945557596,464.2248260943691,6.000000183300464,15.000000000000002
357.0,3570,5,1.0565811863906646e-06,448.9248267463689,268.13308468347134,5.584021975403178e-07,178.3481195021774,448.9248260943688,6.000000059025627,15.000000000000002
358.0,3580,5,8.001049249457688e-07,433.62482652643496,258.9530845861695,4.509449994965253e-07,172.22811939315787,433.62482609436887,6.000000144787971,15.0
359.0,3590,5,3.615934171046785e-07,418.32482627673403,249.7730844568959,2.176417190795629e-07,166.10811924696597,418.32482609436926,6.000000138489638,15.0
360.0,3600,5,6.568844756172833e-09,403.02482609724143,240.59308435727021,3.435724979459664e-08,159.98811913711626,403.02482609436936,6.000000089186225,15.000000000000002
361.0,3610,5,1.0086295230810084e-07,387.72482617483536,231.41308437142138,3.947615068476182e-08,153.8681191511749,387.72482609436946,6.0000000362451225,15.000000000000002
362.0,3620,5,1.4920396201646525e-07,372.42482618743594,222.2330843830328,7.712560925532263e-08,147.74811916582613,372.42482609437013,6.000000007293009,15.000000000000002
363.0,3630,5,1.2389547338064542e-07,357.12482616198105,213.05308437251878,6.888488507821908e-08,141.62811915407136,357.12482609437046,6.000000018805207,15.000000000000002
364.0,3640,5,6.616411471212225e-08,341.82482612713983,203.87308435462936,3.88004030787775e-08,135.50811913366607,341.8248260943704,6.000000020428416,15.000000000000002
365.0,3650,5,1.0491052172801088e-08,326.52482609962345,194.6930843391993,9.078229309020384e-09,129.3881191162726,326.52482609437044,6.000000014370768,15.0
366.0,3660,5,1.0592966755262734e-08,311.22482610419996,185.51308433726894,2.882400601105151e-09,123.26811911415868,311.2248260943704,6.000000006712385,15.0
367.0,3670,5,2.046097987786023e-08,295.9248261080002,176.33308433957308,1.0277356246568056e-08,117.14811911748731,295.92482609437,6.000000001235865,15.000000000000002
368.0,3680,5,1.8796701828043954e-08,280.6248261051947,167.15308433823856,1.0303218068056667e-08,111.02811911648162,280.62482609436984,6.0000000023067575,15.000000000000002
369.0,3690,5,1.1578811023539214e-08,265.324826100217,157.973084335412,6.665682459246091e-09,104.90811911372737,265.3248260943704,6.000000002944491,15.000000000000002
370.0,3700,5,3.0299904901808913e-09,250.0248260958926,148.7930843327121,2.0867525694434507e-09,98.78811911108698,250.02482609437038,6.000000002265098,15.0
371.0,3710,5,1.0184676346021456e-09,234.72482609536718,139.6130843315255,5.752392313134853e-11,92.66811911008824,234.72482609437085,6.000000001186677,15.000000000000002
372.0,3720,5,2.7061063640234555e-09,219.42482609621297,130.433084331698,1.3056357404873739e-09,86.54811911072287,219.42482609437,6.000000000298824,15.000000000000002
373.0,3730,5,2.793325933689518e-09,204.12482609598936,121.2530843313644,1.5072857781645465e-09,80.42811911069326,204.12482609436822,6.000000000258994,14.999999999999998
374.0,3740,5,1.910709494273565e-09,188.8248260953379,112.07308433077633,1.0938847496155835e-09,74.30811911033688,188.824826094369,6.000000000413508,15.000000000000002
375.0,3750,5,6.734827997866448e-10,173.52482609470508,102.89308433018095,4.258738018826601e-10,68.1881191099466,173.5248260943707,6.000000000349665,15.0
376.0,3760,5,1.494294474992171e-10,158.2248260944549,93.71308432975108,8.420242680490856e-11,62.06811910972298,158.22482609437208,6.000000000202512,15.0
377.0,3770,5,3.41439960143412e-10,142.92482609462743,84.53308432960789,1.5459685501133696e-10,55.94811910980635,142.92482609437326,6.000000000066427,15.0
378.0,3780,5,4.06022469752549e-10,127.62482609462387,75.35308432942567,2.1519749025087375e-10,49.828119109821735,127.62482609437428,6.00000000002476,15.000000000000002
379.0,3790,5,3.024373595631376e-10,112.32482609453838,66.17308432921594,1.7123004449368953e-10,43.708119109778835,112.32482609437518,6.000000000056319,15.0
380.0,3800,5,1.3278661735399499e-10,97.02482609444327,56.99308432901736,8.01181372638129e-11,37.588119109723,97.02482609437598,6.000000000052888,15.000000000000002
381.0,3810,5,1.3642452526344047e-12,81.72482609437904,47.813084328853634,1.2143791265769315e-11,31.468119109682306,81.72482609437675,6.000000000033572,15.000000000000002
382.0,3820,5,3.8226486764525495e-11,66.4248260944093,38.63308432875639,1.6369023376219106e-11,25.34811910968954,66.42482609437747,6.000000000013319,15.000000000000002
383.0,3830,5,5.5958419578673673e-11,51.12482609441408,29.453084328679104,2.994991248598548e-11,19.228119109695218,51.12482609437815,6.000000000002939,15.000000000000002
384.0,3840,5,4.562473518751145e-11,35.82482609440428,20.276785754072897,2.63329741640746e-11,13.111820535147652,35.82482609437881,6.000000000007438,15.000000000000002
385.0,3850,5,2.4556428924516273e-11,20.68039014961215,11.241740865608248,1.4166863979848444e-11,7.105662835673627,20.680390149600324,5.812470678103844,14.947955669943829
386.0,3860,5,3.183242266226452e-12,7.082293873879107,3.412334578673266,3.016032007269643e-12,1.9958758038964792,7.082293873876836,4.186500723126567,11.544845895287727
387.0,3870,5,2.658090622074867e-12,3.7257822630883988,1.8365291041790972,2.6121059254446394e-12,1.0913726515621691,3.7257822630843056,2.005612723575365,6.041248068048745
388.0,3880,5,6.608824422890512e-12,5.5968499758369905,3.300746110011592,4.604830196082449e-12,2.1813761148156234,5.596849975831987,0.2985924149961385,1.402769605890115
389.0,3890,5,6.51461220713104e-12,5.208610959458241,3.0018223739837624,4.546512013845195e-12,1.9601001820826258,5.208610959453238,0.6085140795043338,1.7808797495538669
390.0,3900,5,3.870374710743414e-12,3.402934250269486,1.874681316897583,2.6108424119954715e-12,1.1940944668418116,3.4029342502672115,0.8316433709391171,2.0945052299633606
391.0,3910,5,1.6615217281257224e-12,1.4015918945680548,0.7096017898901891,1.8949036456301135e-12,0.42928341097721984,1.4015918945662356,0.6563843927675597,1.7810585007601183
391.1,3911,5,1.4714114359954234e-12,1.226727463394284,0.6103977369030373,1.8775217648675497e-12,0.36505224422495436,1.2267274633924647,0.6280576143969253,1.7155909054352503
